frametime, drawtime, crtupdate, crtcoll
1.6921,0.1328,0.0073,0.5337
1.9692,0.1293,0.0066,1.4628
2.0777,0.124,0.0065,1.898
2.1711,0.119,0.0062,2.0225
2.1708,0.1082,0.005,2.0457
2.1866,0.1224,0.0033,2.0486
2.1715,0.1083,0.0039,2.0426
2.3101,0.1276,0.0038,2.04
2.164,0.111,0.0071,2.0175
2.31,0.1153,0.0041,2.0088
2.184,0.1304,0.0065,2.0071
2.1249,0.109,0.0051,1.9979
2.1145,0.1216,0.0035,1.976
2.1063,0.1076,0.0042,1.9831
2.1784,0.1089,0.0036,1.9639
2.2773,0.1095,0.0049,1.9524
2.1977,0.1322,0.0076,1.9595
2.2185,0.1285,0.0074,2.057
2.1743,0.109,0.0049,2.049
2.1372,0.1165,0.0042,1.9602
2.0421,0.1069,0.0043,1.9179
2.0334,0.1073,0.0039,1.9105
2.0437,0.1071,0.0039,1.9175
2.1565,0.1073,0.0042,1.9133
2.0264,0.1225,0.0047,1.88
2.0064,0.1048,0.0041,1.8851
1.98,0.1038,0.0032,1.86
1.9817,0.1184,0.0034,1.8484
1.9746,0.1037,0.0037,1.8548
1.9492,0.1044,0.0041,1.8291
1.9752,0.1254,0.0032,1.8255
1.9818,0.1043,0.0035,1.8176
1.9305,0.1028,0.0041,1.8115
1.9344,0.1173,0.0033,1.802
1.9253,0.1024,0.0039,1.8088
1.9085,0.1027,0.0032,1.7908
1.9163,0.1172,0.0031,1.7821
1.9068,0.1021,0.0037,1.7908
1.9156,0.1016,0.0031,1.7671
1.9298,0.1203,0.0088,1.7727
1.9006,0.1018,0.0038,1.7563
1.8579,0.1008,0.0034,1.7438
1.8669,0.1146,0.0033,1.7363
1.8485,0.1002,0.004,1.7349
1.8321,0.1009,0.0035,1.7183
1.8455,0.1148,0.0031,1.7169
1.8649,0.1008,0.0038,1.7505
1.8357,0.1001,0.0033,1.7215
1.8349,0.108,0.0034,1.7132
1.8287,0.1003,0.0034,1.7144
1.8187,0.1002,0.0032,1.7054
1.8312,0.112,0.0032,1.7053
1.8153,0.0988,0.0036,1.7034
1.8135,0.1001,0.0031,1.7007
1.831,0.1128,0.0031,1.7043
1.8286,0.0997,0.0036,1.7153
1.7986,0.0998,0.0031,1.6861
1.8215,0.1123,0.003,1.6954
1.8017,0.0993,0.0035,1.6883
1.7912,0.0988,0.0032,1.6799
1.8031,0.1128,0.0033,1.6755
1.7852,0.0986,0.003,1.6738
1.7905,0.0992,0.0031,1.6787
2.8358,0.2461,0.0032,1.8571
1.8218,0.1227,0.0072,1.6686
1.7794,0.0992,0.0031,1.6661
1.796,0.1002,0.003,1.6506
1.7754,0.1092,0.0031,1.6525
1.7513,0.0978,0.003,1.6413
1.7483,0.0981,0.0029,1.6379
1.7747,0.1112,0.003,1.6499
1.7641,0.0987,0.0035,1.6493
1.7463,0.0988,0.0032,1.6314
1.7448,0.1099,0.0039,1.6207
1.7289,0.0975,0.0031,1.619
1.726,0.0975,0.003,1.6159
1.7405,0.1128,0.003,1.6121
1.7342,0.0968,0.0036,1.6247
1.7174,0.0981,0.0029,1.6072
1.7432,0.1096,0.0031,1.6182
1.9694,0.0982,0.0037,1.6183
1.7917,0.1176,0.0079,1.6173
1.7264,0.1071,0.0056,1.5958
1.7385,0.1138,0.0033,1.5962
1.7235,0.0991,0.0045,1.5952
1.7421,0.0998,0.0033,1.5915
1.7251,0.112,0.0046,1.5894
1.7317,0.1062,0.0039,1.6098
1.699,0.0982,0.0032,1.5861
1.6907,0.1106,0.0031,1.5644
1.6782,0.0962,0.0035,1.5682
1.6734,0.0969,0.003,1.5623
1.6719,0.1072,0.0032,1.5511
1.6557,0.0961,0.003,1.5471
1.6529,0.0961,0.0028,1.5415
1.6567,0.1022,0.0029,1.5417
1.6474,0.0969,0.003,1.5376
1.6438,0.0946,0.0029,1.5371
1.6589,0.1092,0.0028,1.5358
1.6595,0.0961,0.0033,1.5502
1.6331,0.0953,0.0028,1.5259
1.6457,0.1084,0.0027,1.5243
1.6425,0.0943,0.0037,1.5349
1.6209,0.0939,0.0029,1.5152
1.6257,0.1013,0.0028,1.5129
1.6151,0.0943,0.0028,1.5087
1.6149,0.094,0.0028,1.5086
1.6208,0.1065,0.0027,1.5015
1.749,0.0939,0.0033,1.5147
1.6653,0.117,0.0077,1.5151
1.6301,0.0964,0.0043,1.5163
1.6118,0.0958,0.0039,1.4994
1.6161,0.1082,0.0034,1.4915
1.6189,0.0951,0.0036,1.5094
1.5957,0.0938,0.0031,1.4881
1.6001,0.1063,0.0029,1.4797
1.6294,0.0932,0.0033,1.4839
1.5868,0.0946,0.0028,1.4783
1.5883,0.1005,0.003,1.4739
1.5782,0.0933,0.0027,1.4716
1.5729,0.0925,0.0028,1.4677
1.5799,0.1024,0.0027,1.4652
1.5653,0.0933,0.0028,1.4598
1.5599,0.0931,0.0027,1.4552
1.5725,0.1069,0.0027,1.4537
1.5541,0.0925,0.0028,1.4499
1.683,0.0924,0.0027,1.449
1.5833,0.1082,0.0062,1.4503
1.5688,0.0922,0.0036,1.4635
1.5686,0.0918,0.0029,1.4429
1.5723,0.1055,0.0051,1.4419
1.5374,0.0927,0.003,1.4328
1.5335,0.0925,0.0029,1.4295
1.5422,0.1043,0.0027,1.4254
1.539,0.0914,0.0035,1.4354
1.5193,0.0915,0.0027,1.4166
1.5333,0.1043,0.0026,1.4156
1.5538,0.0934,0.0035,1.4447
1.5284,0.0927,0.0038,1.4198
1.5377,0.1019,0.0034,1.4216
1.5154,0.092,0.0029,1.4105
1.5036,0.0917,0.0027,1.3973
1.5025,0.0985,0.0028,1.3927
1.493,0.0905,0.0027,1.3914
1.4868,0.0901,0.0026,1.3856
1.4978,0.103,0.0027,1.3811
1.4885,0.0905,0.0026,1.3785
1.4771,0.0902,0.0029,1.3754
1.4853,0.1027,0.0027,1.3702
1.4814,0.0905,0.0035,1.3789
1.4677,0.0912,0.0027,1.3657
1.4724,0.1016,0.0027,1.3597
1.456,0.0895,0.0027,1.3555
1.4662,0.0893,0.0026,1.3658
1.4554,0.096,0.0026,1.3482
1.4452,0.0905,0.0027,1.3436
1.4425,0.0895,0.0026,1.3408
1.4475,0.0907,0.0028,1.3434
1.4398,0.09,0.0026,1.3373
1.4622,0.0889,0.0026,1.3329
1.4409,0.1004,0.0027,1.3274
1.4553,0.089,0.0032,1.3413
1.421,0.0908,0.0028,1.3178
1.4175,0.09,0.0027,1.3157
1.4277,0.0899,0.0026,1.3272
1.4107,0.0888,0.0031,1.3105
1.4096,0.0896,0.0026,1.3091
1.4115,0.0879,0.0028,1.3065
1.4017,0.0879,0.0029,1.3014
1.4077,0.0989,0.0026,1.296
1.4096,0.0877,0.003,1.3106
1.4089,0.0878,0.0025,1.2923
1.3907,0.0885,0.0027,1.2896
1.3883,0.0896,0.0025,1.2872
1.3836,0.0879,0.0026,1.2844
1.3876,0.0932,0.0026,1.282
1.4029,0.0874,0.0031,1.3027
1.3736,0.0873,0.0027,1.2751
1.3783,0.0882,0.0027,1.2749
1.371,0.0872,0.003,1.272
1.3636,0.0871,0.0025,1.2659
1.3602,0.087,0.0026,1.2624
1.3709,0.099,0.0025,1.2599
1.3546,0.0867,0.004,1.2556
1.3509,0.0867,0.0025,1.2537
1.3435,0.0865,0.0026,1.2465
1.3524,0.095,0.0026,1.2467
1.3379,0.0868,0.0026,1.2407
1.3331,0.0871,0.0026,1.2354
1.3283,0.086,0.0025,1.2317
1.3418,0.0944,0.0025,1.2313
1.3269,0.0837,0.0026,1.2288
1.3198,0.084,0.0025,1.222
1.3151,0.0836,0.0027,1.218
1.3263,0.0922,0.0025,1.216
1.3164,0.0839,0.0034,1.2177
1.3052,0.0835,0.0025,1.2072
1.315,0.0829,0.0027,1.219
1.3029,0.0889,0.0025,1.2009
1.2924,0.0823,0.0025,1.1972
1.2921,0.0828,0.0038,1.1941
1.2864,0.0821,0.0025,1.1917
1.2948,0.091,0.0025,1.1895
1.5886,0.0827,0.0025,1.1858
1.5626,0.0965,0.0063,1.1852
1.4862,0.0932,0.0048,1.1773
1.2993,0.0864,0.0043,1.1861
1.2784,0.0917,0.0031,1.1709
1.3044,0.0818,0.0027,1.1768
1.2666,0.0834,0.0031,1.1672
1.2539,0.0815,0.0028,1.1591
1.2664,0.0928,0.0025,1.1557
1.258,0.0818,0.003,1.1628
1.2498,0.0817,0.0025,1.1534
1.2523,0.0831,0.003,1.1526
1.259,0.0932,0.0031,1.1493
1.2292,0.0808,0.0027,1.135
1.2258,0.0806,0.0026,1.1323
1.223,0.0802,0.0026,1.129
1.2293,0.0911,0.0025,1.1236
1.2312,0.0802,0.0029,1.1373
1.2161,0.0809,0.0026,1.1205
1.212,0.0805,0.0027,1.1174
1.2152,0.0906,0.0025,1.1099
1.2126,0.0802,0.003,1.1192
1.1996,0.0803,0.0025,1.106
1.2553,0.0805,0.0025,1.1032
1.2175,0.0906,0.0065,1.1041
1.2141,0.0904,0.0025,1.0997
1.1888,0.0798,0.0031,1.095
1.1825,0.0789,0.0025,1.0908
1.1832,0.0798,0.0024,1.0909
1.2022,0.0894,0.0024,1.0985
1.2003,0.0792,0.0028,1.1082
1.1772,0.0786,0.0023,1.0863
1.1803,0.0789,0.0023,1.0886
1.1913,0.0901,0.0023,1.087
1.1989,0.0806,0.0027,1.1053
1.1765,0.0788,0.0023,1.0852
1.1786,0.079,0.0023,1.0871
1.224,0.0961,0.0024,1.0984
1.2002,0.0795,0.0034,1.1064
1.1918,0.0806,0.0026,1.0954
1.1911,0.0805,0.0027,1.0948
1.3232,0.1702,0.0027,1.0933
1.1949,0.0816,0.0037,1.0941
1.1847,0.0803,0.0026,1.0895
1.204,0.0829,0.0024,1.0946
1.1901,0.0868,0.0028,1.0896
1.181,0.079,0.0023,1.0891
1.1819,0.0793,0.0023,1.0894
1.1804,0.0793,0.0025,1.0883
1.1981,0.0897,0.0025,1.0937
1.2081,0.0816,0.0029,1.1079
1.1878,0.0801,0.0027,1.093
1.182,0.0807,0.0026,1.0876
1.1899,0.088,0.0024,1.0883
1.183,0.0807,0.0025,1.0888
1.1812,0.0799,0.0026,1.0877
1.1817,0.0798,0.0024,1.0869
1.1942,0.0905,0.0026,1.0877
1.1807,0.0792,0.0023,1.0879
1.1807,0.0792,0.0026,1.088
1.1805,0.0791,0.0024,1.0882
1.1915,0.0894,0.0023,1.0889
1.1771,0.0788,0.0024,1.0861
1.179,0.0792,0.0023,1.0869
1.1813,0.0797,0.0024,1.0886
1.1891,0.0903,0.0023,1.086
1.179,0.0792,0.0023,1.0873
1.1921,0.0799,0.0023,1.0998
1.1791,0.0819,0.0024,1.0846
1.1882,0.0896,0.0023,1.0863
1.1765,0.0791,0.0023,1.0847
1.1778,0.0794,0.0024,1.0855
1.1787,0.079,0.0024,1.0868
1.1886,0.0883,0.0023,1.0861
1.1876,0.0791,0.0027,1.0902
1.1799,0.0801,0.0026,1.087
1.1975,0.0791,0.0024,1.088
1.1962,0.0909,0.0025,1.0887
1.1813,0.0799,0.0023,1.087
1.1824,0.0796,0.0024,1.089
1.1773,0.0791,0.0024,1.0846
1.1931,0.0909,0.0024,1.0872
1.1785,0.0792,0.0023,1.0865
1.1822,0.0802,0.0024,1.0886
1.1813,0.0792,0.0024,1.0892
1.256,0.0895,0.0023,1.0877
1.1766,0.0793,0.0025,1.084
1.1772,0.0785,0.0023,1.0865
1.1799,0.0792,0.0023,1.0874
1.2182,0.0862,0.0023,1.0875
1.2155,0.0952,0.0043,1.0892
1.247,0.0791,0.0031,1.0978
1.1814,0.0796,0.0025,1.088
1.1791,0.0794,0.0024,1.0871
1.1931,0.0898,0.0024,1.0883
1.1767,0.079,0.0023,1.085
1.179,0.0789,0.0023,1.0875
1.177,0.0784,0.0024,1.0862
1.2247,0.089,0.0023,1.0872
1.1777,0.0797,0.0023,1.0845
1.1793,0.0799,0.0023,1.0869
1.1939,0.0792,0.0023,1.0983
1.1937,0.0867,0.0024,1.092
1.181,0.079,0.0023,1.0893
1.1805,0.0804,0.0024,1.0872
1.2098,0.0798,0.0024,1.0876
1.1881,0.0893,0.0024,1.0852
1.1791,0.0793,0.0023,1.0869
1.1791,0.0796,0.0023,1.087
1.1794,0.0796,0.0023,1.0868
1.1869,0.09,0.0024,1.0844
1.1785,0.0792,0.0023,1.0867
1.2091,0.0784,0.0024,1.0862
1.1805,0.0788,0.0026,1.0851
1.2093,0.0873,0.0024,1.1058
1.2232,0.08,0.0026,1.1278
1.2023,0.0804,0.0025,1.106
1.1845,0.0792,0.003,1.09
1.3399,0.0912,0.0027,1.1003
1.2181,0.097,0.0052,1.0893
1.2035,0.0839,0.0025,1.0926
1.1815,0.0793,0.0028,1.088
1.1922,0.0906,0.0023,1.0869
1.1963,0.0794,0.0028,1.1034
1.3385,0.0794,0.0023,1.088
1.2343,0.084,0.0031,1.0914
1.213,0.0929,0.003,1.0992
1.2038,0.0814,0.0032,1.1047
1.1844,0.079,0.0025,1.0901
1.1806,0.0795,0.0028,1.0875
1.2547,0.0912,0.0024,1.093
1.2102,0.081,0.0033,1.094
1.1892,0.0803,0.0025,1.0913
1.1884,0.0802,0.0024,1.0941
1.1912,0.0895,0.0024,1.0867
1.2005,0.0795,0.0028,1.1079
1.1787,0.0794,0.0023,1.0863
1.1794,0.0791,0.0023,1.0877
1.2342,0.09,0.0023,1.0891
1.1933,0.0802,0.0027,1.0988
1.1819,0.0805,0.0023,1.088
1.181,0.0792,0.0029,1.0874
1.1902,0.0887,0.0024,1.0868
1.1901,0.0792,0.0027,1.0978
1.1791,0.0794,0.0024,1.0869
1.2228,0.0793,0.0024,1.0874
1.1916,0.0897,0.0024,1.0866
1.1904,0.0796,0.0023,1.0873
1.5611,0.0873,0.0045,1.0936
1.2119,0.0855,0.0034,1.0983
1.2276,0.0926,0.0029,1.1045
1.2779,0.0834,0.0036,1.1082
1.1974,0.0831,0.0047,1.0905
1.1852,0.0804,0.0027,1.0897
1.1932,0.0892,0.0024,1.0889
1.1973,0.08,0.0029,1.1032
1.1828,0.0795,0.0025,1.0891
1.283,0.0811,0.0025,1.0949
1.2592,0.0951,0.0046,1.088
1.2101,0.0941,0.0037,1.089
1.1826,0.0794,0.0031,1.0892
1.1792,0.0797,0.0023,1.0866
1.1928,0.0808,0.0024,1.0953
1.1984,0.0919,0.0025,1.0905
1.3136,0.081,0.0026,1.1005
1.2389,0.0937,0.0045,1.089
1.2131,0.0842,0.003,1.1053
1.2047,0.0871,0.0025,1.1036
1.177,0.0788,0.0023,1.0852
1.1774,0.0791,0.0023,1.0856
1.178,0.0799,0.0023,1.0854
1.281,0.091,0.0023,1.091
1.1845,0.0812,0.003,1.0862
1.1816,0.08,0.0025,1.0884
1.1779,0.0794,0.0024,1.0859
1.1915,0.0901,0.0024,1.0869
1.1961,0.0793,0.0028,1.1039
1.1897,0.0817,0.0024,1.0929
1.4047,0.0817,0.003,1.0958
1.228,0.0989,0.0048,1.0924
1.1919,0.0796,0.003,1.0976
1.2131,0.0937,0.0026,1.0919
1.1933,0.0799,0.0031,1.0995
1.1781,0.0785,0.0023,1.0871
1.2509,0.0798,0.0024,1.0858
1.2997,0.1002,0.0045,1.1053
1.2591,0.094,0.0044,1.0912
1.2145,0.0933,0.0036,1.0921
1.2011,0.0796,0.003,1.1075
1.1781,0.0788,0.0023,1.0867
1.1853,0.0798,0.0023,1.0922
1.2485,0.0922,0.0027,1.1032
1.1982,0.0811,0.0034,1.1006
1.1863,0.0804,0.0028,1.0899
1.1822,0.08,0.0027,1.0875
1.1922,0.092,0.0024,1.0872
1.1792,0.0791,0.0024,1.0875
1.2205,0.0794,0.0023,1.088
1.1956,0.0846,0.0028,1.0926
1.2072,0.0928,0.003,1.0956
1.2014,0.0797,0.0032,1.1073
1.1787,0.079,0.0023,1.087
1.1789,0.0789,0.0023,1.0875
1.1995,0.0898,0.0024,1.0934
1.2631,0.08,0.0033,1.1265
1.1806,0.0799,0.0029,1.0861
1.1809,0.08,0.0023,1.0881
1.191,0.0898,0.0023,1.0872
1.1816,0.0789,0.0027,1.0897
1.1817,0.0796,0.0023,1.0896
1.1788,0.0795,0.0024,1.0867
1.2231,0.0898,0.0023,1.087
1.1902,0.0808,0.0024,1.0926
1.1881,0.0803,0.0026,1.0925
1.178,0.0798,0.0024,1.0857
1.1885,0.0885,0.0024,1.0851
1.1829,0.0807,0.0023,1.0885
1.2392,0.0807,0.0025,1.0964
1.1873,0.0811,0.0033,1.09
1.1924,0.0901,0.0026,1.0877
1.1963,0.0789,0.0028,1.1042
1.182,0.0794,0.0023,1.0897
1.1816,0.0793,0.0023,1.0889
1.193,0.0903,0.0026,1.0879
1.233,0.0798,0.0028,1.1014
1.18,0.0793,0.0028,1.0868
1.1846,0.0805,0.0023,1.0895
1.1985,0.0907,0.0028,1.0916
1.1884,0.0785,0.0029,1.097
1.1902,0.0793,0.0024,1.0987
1.183,0.0793,0.0024,1.0904
1.2408,0.0916,0.0024,1.0898
1.1944,0.0822,0.0033,1.0946
1.1913,0.0815,0.0026,1.0936
1.1821,0.0806,0.0025,1.0872
1.1928,0.0894,0.0024,1.0881
1.1872,0.0801,0.0028,1.0912
1.2111,0.0801,0.0026,1.0884
1.2116,0.0792,0.0023,1.0875
1.2838,0.0975,0.0046,1.0914
1.212,0.0909,0.0032,1.095
1.1947,0.0823,0.003,1.0966
1.1819,0.0793,0.003,1.0885
1.1863,0.0809,0.0024,1.0912
1.2701,0.0901,0.0028,1.093
1.2044,0.0806,0.004,1.1067
1.1855,0.0807,0.0026,1.0902
1.1816,0.0796,0.0025,1.0881
1.1918,0.0904,0.0023,1.0873
1.1861,0.0789,0.0027,1.0939
1.1785,0.0788,0.0024,1.0873
1.2124,0.0798,0.0023,1.0879
1.1934,0.0913,0.0024,1.0866
1.1797,0.0786,0.0037,1.0873
1.1972,0.0815,0.0024,1.0924
1.1824,0.0791,0.0026,1.0886
1.1946,0.0927,0.0024,1.087
1.233,0.0806,0.0031,1.095
1.2125,0.0836,0.0024,1.0865
1.1868,0.0809,0.0026,1.0897
1.1904,0.0893,0.0024,1.0868
1.1982,0.0791,0.0027,1.1058
1.178,0.079,0.0023,1.0866
1.1772,0.0793,0.0023,1.0854
1.23,0.0899,0.0023,1.0864
1.1854,0.0793,0.003,1.0921
1.1906,0.0938,0.0022,1.0842
1.1776,0.0795,0.0025,1.0849
1.1949,0.0898,0.0023,1.0881
1.1835,0.0788,0.0029,1.0911
1.1798,0.0802,0.0023,1.0869
1.2114,0.0798,0.0024,1.0845
1.1855,0.0881,0.0026,1.0842
1.1799,0.079,0.0023,1.0883
1.1777,0.0788,0.0023,1.0865
1.1772,0.0783,0.0024,1.086
1.1883,0.0908,0.0023,1.0845
1.2081,0.079,0.0025,1.0866
1.1773,0.0793,0.0023,1.0844
1.1898,0.0785,0.0023,1.0985
1.1862,0.0864,0.0024,1.087
1.1787,0.0793,0.0025,1.0865
1.1793,0.079,0.0024,1.087
1.3628,0.0805,0.0023,1.0923
1.221,0.0914,0.0041,1.0871
1.1764,0.0784,0.0026,1.0851
1.1775,0.0788,0.0024,1.0862
1.1766,0.0792,0.0023,1.0849
1.1916,0.0893,0.0023,1.088
1.1807,0.0794,0.0028,1.0882
1.1811,0.0795,0.0023,1.089
1.2225,0.0794,0.0024,1.0846
1.1881,0.088,0.0026,1.0867
1.1779,0.0795,0.0024,1.0858
1.1766,0.0785,0.0024,1.0858
1.1782,0.0794,0.0024,1.0863
1.188,0.0892,0.0023,1.0852
1.1866,0.0797,0.0023,1.092
1.174,0.0776,0.0024,1.0829
1.1555,0.0769,0.0024,1.0656
1.1675,0.0873,0.0023,1.0663
1.1644,0.0777,0.0026,1.074
1.1576,0.0778,0.0023,1.0668
1.1576,0.0773,0.0024,1.0678
1.1785,0.087,0.0023,1.0774
1.1695,0.0779,0.0027,1.0786
1.1568,0.0775,0.0023,1.0669
1.1577,0.0772,0.0023,1.0682
1.1627,0.0852,0.0024,1.0649
1.1547,0.0779,0.0022,1.0645
1.1604,0.0777,0.0022,1.0696
1.1603,0.0769,0.0024,1.0688
1.1674,0.0865,0.0023,1.0664
1.1689,0.0771,0.0027,1.079
1.1566,0.0782,0.0023,1.065
1.1593,0.0777,0.0023,1.0677
1.1679,0.0875,0.0023,1.0666
1.1573,0.0771,0.0023,1.0682
1.1553,0.0765,0.0023,1.0667
1.1556,0.0775,0.0023,1.0662
1.1683,0.0881,0.0022,1.066
1.172,0.0779,0.0027,1.0811
1.154,0.0774,0.0023,1.0646
1.1547,0.0776,0.0023,1.0649
1.1723,0.0883,0.0023,1.0686
1.1827,0.0777,0.0023,1.0713
1.1585,0.0777,0.0024,1.0675
1.1561,0.0773,0.0023,1.0667
1.1672,0.0873,0.0023,1.0663
1.1614,0.077,0.0026,1.0719
1.1655,0.0774,0.0023,1.0758
1.1565,0.0779,0.0022,1.0663
1.359,0.088,0.0024,1.0695
1.158,0.0787,0.0023,1.0652
1.1564,0.0777,0.0024,1.0661
1.154,0.0775,0.0023,1.0641
1.1663,0.0878,0.0023,1.0644
1.1729,0.0781,0.0027,1.0733
1.162,0.0777,0.0025,1.0701
1.7033,0.0769,0.0023,1.0685
1.404,0.0924,0.0048,1.0663
1.6353,0.0903,0.0034,1.0673
1.199,0.0835,0.0031,1.0921
1.1795,0.0788,0.0023,1.0876
1.2359,0.079,0.0023,1.0873
1.1881,0.0866,0.0025,1.0877
1.1803,0.0793,0.0023,1.0884
1.1789,0.0802,0.0024,1.0855
1.177,0.0792,0.0023,1.085
1.1891,0.0895,0.0023,1.0854
1.1815,0.0787,0.0028,1.0899
1.2142,0.0792,0.0024,1.0857
1.1856,0.0796,0.0024,1.0907
1.19,0.0884,0.0024,1.0883
1.1908,0.0787,0.0023,1.0995
1.1819,0.0785,0.0023,1.0909
1.1804,0.0793,0.0024,1.0876
1.1855,0.0862,0.0024,1.0868
1.2372,0.0792,0.0024,1.0872
1.1921,0.0839,0.0056,1.0852
1.178,0.079,0.0023,1.087
1.1896,0.0889,0.0023,1.0863
1.5038,0.0795,0.0028,1.1019
1.2808,0.0953,0.0048,1.1599
1.4724,0.0813,0.0031,1.1735
1.2115,0.0943,0.0045,1.0891
1.1842,0.0792,0.0027,1.0915
1.1813,0.079,0.0024,1.0894
1.1802,0.0792,0.0023,1.0883
1.1885,0.0891,0.0023,1.0851
1.1803,0.0783,0.0027,1.0894
1.2294,0.0787,0.0023,1.0875
1.1784,0.0788,0.0024,1.0862
1.1906,0.0896,0.0023,1.0868
1.4077,0.0815,0.0024,1.0849
1.2504,0.0859,0.0076,1.1319
1.1932,0.0838,0.0027,1.0896
1.2794,0.089,0.0024,1.0966
1.2134,0.0956,0.0033,1.0874
1.268,0.08,0.0029,1.1078
1.1989,0.0849,0.0038,1.0885
1.1914,0.0899,0.0023,1.0868
1.1906,0.0792,0.0027,1.0985
1.1781,0.0786,0.0023,1.0873
1.2025,0.0787,0.0024,1.089
1.1932,0.0907,0.0023,1.0876
1.1843,0.079,0.0028,1.0925
1.2392,0.08,0.0023,1.0869
1.2655,0.0843,0.003,1.1549
1.1948,0.0893,0.0034,1.0893
1.2413,0.0788,0.0028,1.1044
1.1954,0.0937,0.0026,1.0883
1.1787,0.079,0.0026,1.0866
1.1956,0.0909,0.0023,1.0891
1.1897,0.0802,0.0034,1.0947
1.1762,0.0785,0.0025,1.085
1.1784,0.0785,0.0024,1.0874
1.2339,0.0899,0.0023,1.0878
1.184,0.0792,0.0029,1.0908
1.1781,0.0785,0.0023,1.0872
1.1782,0.0785,0.0022,1.0872
1.1958,0.0894,0.0023,1.0912
1.1891,0.0791,0.0029,1.0966
1.1768,0.0793,0.0024,1.0847
1.2272,0.0798,0.0023,1.0993
1.19,0.0902,0.0026,1.0867
1.1827,0.0805,0.0024,1.088
1.1905,0.0801,0.0031,1.0942
1.1799,0.0788,0.0025,1.0883
1.1861,0.0864,0.0024,1.087
1.2102,0.0787,0.0023,1.0868
1.181,0.0795,0.0025,1.0873
1.1794,0.079,0.0023,1.0877
1.191,0.0893,0.0024,1.087
1.2503,0.0963,0.0028,1.1234
1.1846,0.0792,0.0032,1.0914
1.179,0.079,0.0024,1.0874
1.2358,0.0789,0.0023,1.0886
1.1881,0.0901,0.0024,1.0848
1.1777,0.0796,0.0024,1.0854
1.1792,0.0792,0.0024,1.0875
1.1859,0.0797,0.0026,1.0921
1.1911,0.0895,0.0025,1.0864
1.179,0.0791,0.0024,1.0872
1.2498,0.079,0.0024,1.0878
1.18,0.0795,0.0025,1.0871
1.1879,0.0884,0.0022,1.0869
1.1905,0.0813,0.0024,1.0929
1.1877,0.08,0.0028,1.0918
1.1936,0.0788,0.0024,1.1016
1.2386,0.0894,0.0023,1.0873
1.2277,0.0896,0.0043,1.1119
1.1813,0.0789,0.0034,1.0881
1.1777,0.0789,0.0023,1.0862
1.1791,0.0794,0.0023,1.0875
1.2014,0.0878,0.0024,1.0905
1.1782,0.0788,0.0027,1.086
1.2285,0.0784,0.0025,1.0878
1.1775,0.0793,0.0024,1.0844
1.1941,0.0896,0.0023,1.0904
1.1991,0.0792,0.0027,1.1063
1.1796,0.0796,0.0024,1.0873
1.1808,0.0791,0.0024,1.0891
1.1888,0.0877,0.0023,1.0872
1.2295,0.0791,0.0029,1.1036
1.1785,0.0789,0.0025,1.0864
1.178,0.0789,0.0023,1.0864
1.1884,0.0891,0.0023,1.0856
1.1901,0.0796,0.0027,1.0969
1.1953,0.0813,0.0025,1.0978
1.1896,0.0808,0.0027,1.0928
1.231,0.0913,0.0027,1.0983
1.1934,0.081,0.0029,1.0934
1.1805,0.0793,0.0024,1.0879
1.1828,0.0788,0.0025,1.0899
1.1855,0.0847,0.0027,1.0877
1.1813,0.0798,0.0023,1.0883
1.2179,0.08,0.0026,1.0874
1.1809,0.0799,0.0027,1.087
1.1913,0.0899,0.0024,1.087
1.2004,0.0791,0.0029,1.1086
1.1787,0.0789,0.0025,1.0871
1.1881,0.08,0.0023,1.0942
1.1979,0.0902,0.0026,1.0919
1.2673,0.0796,0.0028,1.1381
1.1794,0.0793,0.0025,1.0869
1.1791,0.0794,0.0023,1.0873
1.1934,0.0903,0.0023,1.089
1.186,0.0796,0.0027,1.0936
1.1765,0.0787,0.0023,1.0854
1.1786,0.0793,0.0023,1.0866
1.2236,0.09,0.0023,1.0864
1.1813,0.0801,0.0024,1.0844
1.1793,0.0792,0.0026,1.0866
1.1781,0.079,0.0022,1.0866
1.1886,0.0889,0.0024,1.0858
1.3865,0.1863,0.0023,1.0889
1.2753,0.0985,0.0057,1.093
1.1911,0.0796,0.0033,1.0965
1.1848,0.0794,0.0025,1.0921
1.1825,0.0793,0.0025,1.0894
1.1906,0.0902,0.0028,1.0858
1.1844,0.0792,0.0031,1.0922
1.1769,0.0791,0.0024,1.0853
1.2139,0.079,0.0023,1.0884
1.1936,0.0902,0.0027,1.0873
1.1792,0.0795,0.0024,1.0868
1.1787,0.0796,0.0024,1.0867
1.1795,0.0786,0.0024,1.0885
1.1934,0.0886,0.0023,1.0902
1.1878,0.0806,0.0038,1.0912
1.2188,0.0796,0.0025,1.0922
1.1801,0.0795,0.0028,1.0867
1.1871,0.0876,0.0024,1.0866
1.1806,0.0793,0.0024,1.0887
1.1767,0.0788,0.0024,1.0852
1.1793,0.0793,0.0023,1.0874
1.2211,0.0883,0.0024,1.0875
1.1786,0.0784,0.0028,1.0869
1.1778,0.0788,0.0024,1.0866
1.1769,0.0785,0.0023,1.086
1.4039,0.0947,0.0024,1.0871
1.1969,0.0813,0.0033,1.1011
1.1815,0.0799,0.0024,1.0881
1.2275,0.0804,0.0023,1.0884
1.2587,0.1099,0.0051,1.1017
1.2018,0.0792,0.0031,1.1075
1.1761,0.079,0.0024,1.0845
1.1877,0.0791,0.0024,1.0849
1.1907,0.0906,0.0025,1.0855
1.1868,0.0795,0.0027,1.0942
1.2278,0.0788,0.0023,1.0857
1.1787,0.0801,0.0025,1.0855
1.188,0.0897,0.0023,1.0841
1.181,0.079,0.0027,1.0892
1.1777,0.0795,0.0024,1.0856
1.1779,0.0802,0.0024,1.0852
1.2228,0.0875,0.0025,1.0857
1.1849,0.0811,0.0027,1.0882
1.1877,0.0811,0.0032,1.0912
1.1846,0.0796,0.0023,1.0925
1.1851,0.0877,0.0023,1.0849
1.1785,0.0793,0.0024,1.0866
1.1762,0.0795,0.0023,1.0843
1.2276,0.0792,0.0026,1.0853
1.2139,0.0931,0.0037,1.0963
1.2907,0.0794,0.0028,1.1025
1.1927,0.0812,0.0029,1.0961
1.1773,0.0799,0.0023,1.0844
1.1927,0.091,0.0023,1.0861
1.179,0.0801,0.0024,1.0862
1.2221,0.0801,0.0023,1.0855
1.1814,0.0811,0.0025,1.0854
1.187,0.0885,0.0024,1.0861
1.1773,0.0803,0.0023,1.0844
1.1762,0.0789,0.0023,1.0849
1.1772,0.0798,0.0023,1.085
1.2223,0.0902,0.0024,1.0855
1.1765,0.079,0.0024,1.0842
1.1835,0.08,0.0023,1.0886
1.1906,0.0816,0.0026,1.0933
1.2775,0.1404,0.0028,1.0968
1.246,0.0948,0.0046,1.123
1.1788,0.0792,0.0026,1.0863
1.2397,0.0787,0.0023,1.0878
1.1772,0.0799,0.003,1.0832
1.1935,0.0909,0.0025,1.0877
1.1949,0.079,0.0027,1.1031
1.1772,0.0792,0.0023,1.0855
1.1771,0.0787,0.0023,1.0856
1.1871,0.0894,0.0023,1.0834
1.232,0.0789,0.0027,1.1064
1.2116,0.0931,0.0025,1.0899
1.2119,0.0919,0.004,1.0931
1.1969,0.0799,0.0031,1.1031
1.1752,0.0795,0.0023,1.0833
1.1755,0.0792,0.0023,1.084
1.2433,0.0855,0.0024,1.0839
1.1783,0.0805,0.0024,1.0845
1.178,0.0803,0.0023,1.0851
1.179,0.0793,0.0023,1.0871
1.1844,0.0876,0.0023,1.0843
1.1783,0.0791,0.0023,1.087
1.1773,0.0787,0.0023,1.0861
1.2484,0.0789,0.0023,1.0848
1.2036,0.0897,0.0033,1.0963
1.2374,0.0963,0.003,1.1139
1.195,0.0799,0.0029,1.1011
1.1783,0.0796,0.0024,1.0862
1.1777,0.0788,0.0024,1.0862
1.1903,0.0905,0.0024,1.0852
1.2473,0.0792,0.0028,1.106
1.1795,0.0795,0.0025,1.0862
1.1777,0.0788,0.0024,1.0858
1.1904,0.0895,0.0024,1.087
1.1869,0.0793,0.0027,1.0944
1.1751,0.0788,0.0024,1.0836
1.2144,0.0798,0.0023,1.0859
1.1897,0.0903,0.0024,1.0843
1.1962,0.0794,0.0027,1.1039
1.1755,0.079,0.0023,1.0841
1.1742,0.0785,0.0023,1.0834
1.1893,0.0898,0.0024,1.0855
1.182,0.0785,0.0027,1.0907
1.2088,0.0787,0.0023,1.0829
1.1773,0.08,0.0024,1.0827
1.1892,0.0906,0.0023,1.0843
1.1856,0.0795,0.0028,1.0929
1.1797,0.0802,0.0024,1.0864
1.1773,0.0797,0.0023,1.0853
1.188,0.0897,0.0025,1.084
1.2044,0.0889,0.0028,1.0881
1.2505,0.0795,0.0025,1.0853
1.3448,0.0822,0.0033,1.1084
1.2006,0.0894,0.0042,1.0926
1.1776,0.0803,0.0024,1.0846
1.1769,0.0792,0.0023,1.085
1.1771,0.0798,0.0024,1.0847
1.212,0.0876,0.0023,1.0865
1.1772,0.0794,0.0026,1.0848
1.1791,0.0798,0.0023,1.0861
1.1758,0.0793,0.0022,1.0843
1.1895,0.089,0.0024,1.0876
1.1767,0.0793,0.0023,1.085
1.2049,0.0791,0.0023,1.0991
1.1769,0.0792,0.0024,1.0852
1.1855,0.0868,0.0024,1.086
1.1771,0.0798,0.0024,1.0846
1.1751,0.079,0.0023,1.0838
1.1781,0.0796,0.0024,1.0858
1.178,0.0899,0.0023,1.074
1.1729,0.0788,0.0028,1.0685
1.1563,0.0781,0.0023,1.0656
1.1549,0.0782,0.0022,1.0639
1.1666,0.0882,0.0023,1.0645
1.1695,0.0788,0.0026,1.0779
1.1593,0.0781,0.0023,1.0681
1.1583,0.0796,0.0025,1.066
1.1785,0.0833,0.0024,1.0681
1.1574,0.0779,0.0024,1.0661
1.156,0.0772,0.0024,1.0664
1.1564,0.0775,0.0022,1.0667
1.1672,0.0879,0.0024,1.0654
1.1622,0.0785,0.0026,1.071
1.1545,0.0777,0.0023,1.0645
1.1697,0.0779,0.0022,1.0672
1.1663,0.0875,0.0023,1.0647
1.1723,0.0787,0.0027,1.0809
1.1551,0.0782,0.0023,1.0646
1.1539,0.0781,0.0024,1.0632
1.1774,0.0881,0.0023,1.0747
1.1589,0.0779,0.0028,1.068
1.2377,0.0898,0.0023,1.0853
1.1778,0.0783,0.0031,1.0851
1.156,0.0775,0.0026,1.0658
1.1552,0.0776,0.0023,1.0652
1.1652,0.0876,0.0023,1.064
1.1774,0.0776,0.0026,1.0867
1.1712,0.0778,0.0023,1.067
1.1545,0.0779,0.0023,1.064
1.1681,0.088,0.0023,1.0657
1.1544,0.0771,0.0022,1.0649
1.1538,0.0776,0.0022,1.0635
1.1651,0.0774,0.0023,1.0753
1.169,0.0877,0.0023,1.0675
1.1941,0.078,0.0027,1.0863
1.1625,0.0791,0.0026,1.0697
1.1589,0.0784,0.0024,1.0679
1.1665,0.0863,0.0024,1.066
1.1773,0.0771,0.0029,1.087
1.1558,0.0783,0.0023,1.0649
1.155,0.0776,0.0023,1.065
1.1881,0.0881,0.0023,1.0681
1.1587,0.0772,0.0031,1.0681
1.156,0.0775,0.0023,1.0661
1.1545,0.0774,0.0023,1.0646
1.1671,0.0876,0.0024,1.0655
1.1713,0.0782,0.0028,1.0804
1.1562,0.078,0.0023,1.0652
1.2912,0.0805,0.0025,1.074
1.1779,0.0901,0.0034,1.068
1.1594,0.0781,0.0027,1.0683
1.156,0.0776,0.0023,1.0661
1.1557,0.0784,0.0024,1.0643
1.1672,0.088,0.0024,1.0652
1.1683,0.0776,0.0026,1.0779
1.1765,0.0779,0.0023,1.0673
1.1554,0.0778,0.0024,1.0649
1.163,0.0849,0.0022,1.0655
1.1571,0.0784,0.0022,1.0665
1.1559,0.0781,0.0023,1.0654
1.1526,0.0771,0.0024,1.0629
1.167,0.0888,0.0023,1.0643
1.1894,0.0796,0.0027,1.0804
1.1563,0.0784,0.0026,1.0648
1.1561,0.0776,0.0023,1.0663
1.1678,0.0884,0.0023,1.0653
1.1758,0.0781,0.0026,1.0848
1.1547,0.0773,0.0023,1.0649
1.1565,0.0787,0.0023,1.0652
1.1824,0.0868,0.0023,1.0675
1.1556,0.0781,0.0023,1.0648
1.166,0.0785,0.0024,1.075
1.1556,0.0783,0.0024,1.0644
1.1688,0.0869,0.0023,1.0676
1.1694,0.0775,0.0027,1.0788
1.1714,0.0781,0.0022,1.0676
1.1598,0.0782,0.0023,1.0676
1.1647,0.0852,0.0024,1.0669
1.1541,0.078,0.0022,1.0637
1.1517,0.0778,0.0024,1.0616
1.1553,0.0776,0.0022,1.0653
1.1664,0.0873,0.0023,1.0652
1.1866,0.0778,0.0027,1.0811
1.1648,0.0786,0.0022,1.0734
1.1543,0.0778,0.0023,1.0641
1.1623,0.085,0.0024,1.0649
1.1559,0.0779,0.0024,1.0656
1.168,0.0793,0.0023,1.0733
1.1563,0.078,0.0023,1.0658
1.1893,0.0873,0.0023,1.0677
1.1626,0.078,0.0027,1.0717
1.1577,0.0781,0.0023,1.0667
1.1561,0.0775,0.0023,1.0664
1.1667,0.0876,0.0024,1.0653
1.1763,0.0789,0.0027,1.0845
1.1553,0.0772,0.0023,1.0652
1.1749,0.0784,0.0023,1.0706
1.1647,0.0875,0.0025,1.0647
1.1545,0.078,0.0023,1.0638
1.1557,0.0783,0.0023,1.0649
1.1659,0.0801,0.0024,1.0644
1.1931,0.0916,0.0024,1.0828
1.1752,0.0797,0.0028,1.0787
1.1938,0.0791,0.0028,1.0745
1.1651,0.081,0.0027,1.0682
1.2581,0.0907,0.003,1.0723
1.1639,0.0804,0.0032,1.0649
1.155,0.078,0.0022,1.0641
1.1542,0.0771,0.0024,1.0647
1.1847,0.0883,0.0023,1.0824
1.2017,0.0792,0.0028,1.0801
1.1607,0.0781,0.0027,1.0694
1.1557,0.0776,0.0024,1.0657
1.1676,0.0873,0.0024,1.0664
1.1987,0.0816,0.0027,1.1004
1.1661,0.0779,0.0026,1.0753
1.2307,0.0794,0.0023,1.087
1.2642,0.0948,0.0052,1.1394
1.225,0.091,0.0032,1.1093
1.193,0.0792,0.0037,1.0997
1.1775,0.0796,0.0023,1.0853
1.1908,0.0932,0.0023,1.0854
1.188,0.0892,0.0024,1.0849
1.2389,0.0794,0.0027,1.0953
1.176,0.0793,0.0025,1.0835
1.1765,0.0789,0.0023,1.0852
1.1887,0.0894,0.0022,1.085
1.1799,0.0802,0.0027,1.0866
1.1757,0.079,0.0024,1.0844
1.1767,0.0788,0.0024,1.0853
1.2265,0.0905,0.0023,1.0853
1.1777,0.0793,0.0025,1.0851
1.1766,0.0789,0.0022,1.0853
1.1761,0.0791,0.0025,1.0842
1.1977,0.0887,0.0023,1.0967
1.1763,0.0789,0.0024,1.085
1.1763,0.08,0.0023,1.0839
1.1791,0.0792,0.0024,1.0871
1.1872,0.0905,0.0023,1.0843
1.1748,0.0792,0.0023,1.0831
1.176,0.0789,0.0023,1.0845
1.1794,0.0798,0.0023,1.087
1.1873,0.0913,0.0023,1.0834
1.1756,0.0795,0.0023,1.0837
1.175,0.079,0.0023,1.0833
1.1787,0.0793,0.0024,1.0869
1.1885,0.089,0.0023,1.0853
1.1826,0.0793,0.0027,1.0901
1.1784,0.0791,0.0024,1.0864
1.1776,0.0789,0.0023,1.0857
1.1897,0.0875,0.0024,1.0876
1.1932,0.0789,0.0029,1.1009
1.1778,0.0791,0.0023,1.0862
1.1772,0.0792,0.0023,1.0856
1.1916,0.0902,0.0024,1.0868
1.1861,0.0795,0.0029,1.0929
1.1775,0.0787,0.0023,1.0863
1.1769,0.08,0.0023,1.0846
1.1894,0.0899,0.0023,1.0854
1.1905,0.0793,0.0028,1.0985
1.1768,0.0796,0.0024,1.0844
1.1792,0.079,0.0023,1.0868
1.1909,0.0898,0.0024,1.0866
1.1784,0.079,0.0028,1.0864
1.1942,0.079,0.0023,1.085
1.178,0.079,0.0024,1.0862
1.1881,0.0896,0.0024,1.0842
1.1782,0.079,0.0027,1.0863
1.182,0.0797,0.0023,1.0893
1.179,0.0798,0.0024,1.0867
1.2022,0.0891,0.0023,1.0836
1.1776,0.0799,0.0028,1.0845
1.1868,0.0793,0.0022,1.0949
1.1779,0.0799,0.0024,1.0853
1.1899,0.0903,0.0023,1.0857
1.1811,0.0791,0.0038,1.087
1.1779,0.0792,0.0023,1.0862
1.1876,0.0793,0.0024,1.0834
1.183,0.086,0.0025,1.0828
1.1601,0.0781,0.0027,1.0691
1.1547,0.0781,0.0022,1.0642
1.1567,0.0781,0.0023,1.0661
1.1677,0.0884,0.0023,1.0655
1.1704,0.0779,0.0027,1.0794
1.1702,0.0784,0.0023,1.0674
1.1565,0.0788,0.0023,1.0652
1.1652,0.0893,0.0023,1.0636
1.1535,0.0778,0.0023,1.0633
1.1554,0.0778,0.0024,1.0651
1.1549,0.0776,0.0023,1.0649
1.1686,0.0879,0.0023,1.0667
1.1874,0.0793,0.0027,1.0833
1.1555,0.0779,0.0025,1.0652
1.1538,0.0784,0.0022,1.0631
1.1628,0.0849,0.0024,1.0654
1.1683,0.0793,0.0024,1.073
1.1668,0.0787,0.0024,1.0733
1.1652,0.0785,0.0029,1.071
1.1975,0.0886,0.0024,1.0705
1.1569,0.0774,0.0027,1.0663
1.154,0.078,0.0023,1.0638
1.1561,0.0774,0.0023,1.0663
1.167,0.0882,0.0023,1.065
1.176,0.0779,0.0027,1.0851
1.1595,0.0788,0.0024,1.0667
1.1735,0.0779,0.0023,1.0691
1.1658,0.087,0.0024,1.0646
1.1546,0.0783,0.0023,1.064
1.1536,0.0778,0.0023,1.0636
1.1578,0.0776,0.0023,1.0677
1.1761,0.0881,0.0023,1.074
1.1894,0.0784,0.0028,1.0848
1.1549,0.078,0.0026,1.0643
1.1561,0.0782,0.0023,1.0656
1.1626,0.0846,0.0022,1.0656
1.156,0.0781,0.0024,1.0648
1.1556,0.0774,0.0024,1.0657
1.1548,0.0781,0.0023,1.0642
1.1856,0.0887,0.0023,1.067
1.1659,0.0781,0.0028,1.0748
1.1556,0.078,0.0023,1.0651
1.1553,0.0778,0.0022,1.0653
1.1785,0.0885,0.0022,1.0686
1.1638,0.078,0.0027,1.0718
1.1552,0.0782,0.0023,1.0645
1.1712,0.0778,0.0023,1.0665
1.1672,0.0878,0.0024,1.0652
1.1648,0.0788,0.0026,1.0726
1.1558,0.0779,0.0023,1.0656
1.154,0.0787,0.0023,1.0629
1.1655,0.0874,0.0023,1.0642
1.1746,0.0771,0.0027,1.0845
1.1727,0.0785,0.0023,1.0685
1.1568,0.0781,0.0023,1.0664
1.1649,0.0883,0.0023,1.0644
1.1555,0.0778,0.0023,1.0654
1.1589,0.0788,0.0023,1.0677
1.1549,0.0778,0.0023,1.0645
1.1662,0.0877,0.0024,1.0646
1.184,0.0782,0.0026,1.0812
1.1533,0.0778,0.0024,1.063
1.1556,0.0785,0.0023,1.0648
1.1677,0.0887,0.0023,1.0652
1.1546,0.0775,0.0022,1.065
1.1546,0.0779,0.0022,1.0643
1.156,0.0785,0.0025,1.065
1.1817,0.0872,0.0024,1.0675
1.1737,0.0776,0.0028,1.0827
1.1558,0.0778,0.0024,1.0656
1.1646,0.0778,0.0024,1.0742
1.1643,0.0853,0.0022,1.0665
1.1554,0.0786,0.0023,1.0639
1.1692,0.0778,0.0024,1.0645
1.1691,0.0775,0.0023,1.0658
1.1682,0.0884,0.0023,1.0657
1.1604,0.078,0.0026,1.0693
1.156,0.0781,0.0022,1.0656
1.1554,0.0779,0.0023,1.065
1.1656,0.0885,0.0023,1.0634
1.1756,0.0786,0.0027,1.0841
1.168,0.0782,0.0023,1.0657
1.1548,0.0779,0.0022,1.0642
1.169,0.0887,0.0023,1.0655
1.1602,0.0793,0.0024,1.0679
1.1561,0.0776,0.0023,1.0655
1.1551,0.078,0.0022,1.0646
1.1699,0.0903,0.0023,1.0656
1.1825,0.0782,0.0027,1.0795
1.1563,0.0784,0.0024,1.0653
1.1562,0.0788,0.0024,1.0647
1.1605,0.0846,0.0023,1.0636
1.1551,0.0781,0.0023,1.0644
1.1548,0.0779,0.0022,1.0646
1.1689,0.0776,0.0023,1.0676
1.1648,0.0868,0.0023,1.0641
1.1642,0.0791,0.0027,1.0715
1.1716,0.08,0.0023,1.0754
1.1641,0.0789,0.0025,1.0703
1.172,0.089,0.0024,1.0674
1.3639,0.079,0.0027,1.0831
1.4301,0.0831,0.0049,1.0696
1.1726,0.0837,0.0055,1.0641
1.1663,0.0873,0.0022,1.0649
1.1737,0.0776,0.0026,1.0832
1.1536,0.0776,0.0023,1.0637
1.1532,0.0777,0.0023,1.063
1.168,0.0883,0.0022,1.0652
1.2162,0.0777,0.0023,1.0669
1.1711,0.0774,0.0025,1.0808
1.1809,0.0791,0.0024,1.0881
1.1864,0.0876,0.0023,1.0865
1.1781,0.0795,0.0023,1.0862
1.1778,0.0799,0.0023,1.0852
1.2083,0.079,0.0024,1.0842
1.1839,0.086,0.0025,1.0846
1.1784,0.0795,0.0023,1.0863
1.1743,0.0787,0.0024,1.0833
1.1775,0.0797,0.0023,1.0852
1.1853,0.0894,0.0023,1.0836
1.1758,0.0791,0.0024,1.0842
1.227,0.0791,0.0023,1.0848
1.2651,0.0945,0.0046,1.141
1.1937,0.0793,0.0032,1.1001
1.1787,0.0788,0.0024,1.0869
1.1777,0.0786,0.0023,1.0865
1.191,0.0908,0.0023,1.0859
1.1932,0.08,0.0027,1.1001
1.2343,0.0798,0.0023,1.0854
1.1769,0.0797,0.0025,1.0837
1.1872,0.0895,0.0024,1.0838
1.1845,0.0795,0.0027,1.0924
1.175,0.079,0.0023,1.0834
1.1772,0.0792,0.0024,1.0843
1.2003,0.0894,0.0023,1.0965
1.2238,0.0802,0.003,1.0954
1.1797,0.0815,0.0026,1.0838
1.1797,0.0791,0.0025,1.0879
1.1893,0.089,0.0023,1.0851
1.1817,0.0785,0.0028,1.0904
1.1772,0.079,0.0023,1.0856
1.2149,0.0793,0.0023,1.0851
1.1923,0.0908,0.0029,1.0851
1.1814,0.0789,0.0029,1.0896
1.1772,0.0796,0.0023,1.0854
1.1764,0.0791,0.0023,1.085
1.1901,0.0906,0.0024,1.0853
1.1866,0.0793,0.0027,1.0935
1.1896,0.0795,0.0023,1.0836
1.1771,0.0804,0.0023,1.0839
1.4685,0.2014,0.0023,1.0884
1.7019,0.0819,0.0033,1.0948
1.1867,0.0816,0.0029,1.087
1.1917,0.0905,0.0024,1.086
1.2069,0.0791,0.0028,1.089
1.1768,0.0797,0.0025,1.0843
1.1776,0.0801,0.0023,1.0847
1.1901,0.0903,0.0023,1.0856
1.1833,0.0814,0.0028,1.0886
1.1773,0.0794,0.0024,1.0854
1.1756,0.0788,0.0023,1.0838
1.2033,0.0902,0.0025,1.0842
1.1821,0.0797,0.0027,1.0894
1.1793,0.0789,0.0025,1.0873
1.1776,0.0802,0.0024,1.0851
1.1684,0.0877,0.0023,1.0666
1.1694,0.0781,0.0026,1.0782
1.155,0.0778,0.0023,1.0645
1.1703,0.0787,0.0023,1.0673
1.1695,0.0872,0.0023,1.0679
1.1757,0.0782,0.0028,1.0846
1.1653,0.0774,0.0023,1.0758
1.1559,0.0778,0.0024,1.0655
1.1666,0.0877,0.0023,1.0646
1.1569,0.0797,0.0023,1.065
1.1651,0.0771,0.0023,1.0638
1.1571,0.0775,0.0024,1.0673
1.1679,0.0879,0.0022,1.0662
1.171,0.0781,0.0027,1.0799
1.1548,0.0781,0.0023,1.0642
1.1565,0.078,0.0023,1.0657
1.1811,0.0861,0.0022,1.0682
1.1555,0.0778,0.0023,1.0652
1.1543,0.0783,0.0022,1.0636
1.1627,0.0778,0.0023,1.0725
1.168,0.0881,0.0023,1.066
1.1638,0.078,0.0026,1.0731
1.1556,0.0784,0.0023,1.0649
1.1678,0.078,0.0027,1.0652
1.2045,0.1076,0.0022,1.0675
1.1773,0.0788,0.0036,1.0842
1.1564,0.0774,0.0022,1.0666
1.1556,0.0777,0.0023,1.0656
1.1614,0.0843,0.0023,1.0648
1.1561,0.0781,0.0022,1.0657
1.1885,0.078,0.0022,1.0681
1.1551,0.0776,0.0024,1.0652
1.1799,0.0876,0.0023,1.0781
1.1581,0.0784,0.0022,1.0671
1.1562,0.0783,0.0023,1.0656
1.1544,0.0779,0.0023,1.0639
1.1668,0.0877,0.0023,1.0655
1.2022,0.0794,0.0027,1.0929
1.1645,0.0783,0.0024,1.0714
1.1602,0.0782,0.0027,1.0678
1.1666,0.0871,0.0023,1.0658
1.175,0.0778,0.0027,1.0845
1.1566,0.0776,0.0022,1.0665
1.1593,0.0785,0.0023,1.0671
1.1917,0.088,0.0024,1.0698
1.1556,0.0782,0.0023,1.0651
1.1545,0.0781,0.0025,1.0639
1.1566,0.0779,0.0023,1.0659
1.1667,0.0875,0.0023,1.0655
1.1725,0.0775,0.0026,1.0822
1.1533,0.0775,0.0022,1.0636
1.1741,0.0782,0.0023,1.0698
1.1636,0.0852,0.0026,1.0654
1.1539,0.0778,0.0023,1.0636
1.154,0.0779,0.0026,1.0626
1.1553,0.0782,0.0023,1.0647
1.1656,0.086,0.0023,1.0655
1.1645,0.0776,0.0026,1.0739
1.1795,0.0789,0.0025,1.0723
1.1563,0.078,0.0024,1.0655
1.1672,0.0871,0.0024,1.0661
1.1767,0.0775,0.0028,1.0864
1.155,0.0778,0.0023,1.0642
1.1558,0.0791,0.0022,1.0642
1.4706,0.0881,0.0022,1.067
1.1918,0.0926,0.0035,1.0704
1.1712,0.0783,0.0029,1.0791
1.1553,0.0783,0.0023,1.0645
1.1551,0.0777,0.0023,1.0651
1.1637,0.0862,0.0023,1.0651
1.1664,0.0772,0.0022,1.0771
1.1874,0.077,0.0023,1.0658
1.1567,0.0778,0.0023,1.0666
1.165,0.0871,0.0022,1.0641
1.1641,0.0781,0.0027,1.0733
1.1564,0.0777,0.0023,1.0659
1.1561,0.0776,0.0023,1.0664
1.2186,0.0885,0.0023,1.0672
1.5589,0.0908,0.0033,1.0784
1.1652,0.08,0.0032,1.0648
1.1564,0.0781,0.0024,1.0655
1.1643,0.0871,0.0023,1.0648
1.1568,0.0778,0.0023,1.0665
1.157,0.0781,0.0022,1.0664
1.1921,0.079,0.0023,1.0654
1.165,0.0851,0.0024,1.0652
1.1653,0.0782,0.0029,1.0738
1.1559,0.0776,0.0023,1.0661
1.156,0.0779,0.0023,1.0657
1.1689,0.0898,0.0022,1.065
1.3306,0.0789,0.0027,1.0859
1.691,0.0779,0.0027,1.0663
1.1809,0.0882,0.0032,1.0702
1.1577,0.078,0.0023,1.0668
1.1557,0.0784,0.0023,1.0651
1.167,0.0777,0.0022,1.0769
1.1675,0.0885,0.0023,1.065
1.2581,0.0787,0.0027,1.0756
1.1833,0.0888,0.0032,1.0738
1.1554,0.0776,0.0022,1.0657
1.1565,0.0785,0.0024,1.0652
1.1565,0.0774,0.0023,1.0668
1.215,0.0884,0.0023,1.0661
1.1654,0.0782,0.0027,1.0735
1.2008,0.0786,0.0025,1.0752
1.1718,0.0785,0.0029,1.067
1.1942,0.0893,0.0029,1.0701
1.1806,0.0822,0.0034,1.0781
1.1862,0.0788,0.0048,1.0884
1.1736,0.0789,0.0026,1.0815
1.1879,0.0903,0.0025,1.0834
1.2338,0.0791,0.0027,1.094
1.1752,0.0795,0.0025,1.0823
1.3291,0.0811,0.0024,1.0875
1.2276,0.0977,0.0059,1.0966
1.1788,0.0794,0.0024,1.0867
1.1756,0.0788,0.0024,1.0843
1.1786,0.0791,0.0024,1.0872
1.2158,0.0893,0.0024,1.0843
1.1767,0.0792,0.0024,1.0847
1.1906,0.0791,0.0024,1.099
1.1783,0.08,0.0025,1.0857
1.184,0.0865,0.0023,1.085
1.1784,0.0792,0.0023,1.0864
1.2079,0.0791,0.0023,1.0836
1.1793,0.0794,0.0024,1.0866
1.1808,0.0853,0.0024,1.0829
1.176,0.0788,0.0023,1.0843
1.3103,0.0804,0.0023,1.0879
1.1776,0.0797,0.0028,1.0844
1.1883,0.09,0.0025,1.0838
1.2188,0.0795,0.0028,1.0921
1.1776,0.0798,0.0025,1.0847
1.1769,0.0788,0.0024,1.0854
1.1887,0.0895,0.0024,1.0852
1.1783,0.0798,0.0027,1.0856
1.1751,0.0785,0.0024,1.0841
1.1759,0.0795,0.0024,1.0838
1.221,0.0887,0.0023,1.0859
1.1807,0.0794,0.0029,1.0875
1.1772,0.0799,0.0023,1.0848
1.1784,0.0791,0.0023,1.0868
1.1912,0.0888,0.0023,1.0883
1.1832,0.0789,0.0027,1.0915
1.2724,0.0793,0.0024,1.0838
1.2117,0.0945,0.0034,1.0915
1.1793,0.0796,0.0027,1.0862
1.176,0.0792,0.0022,1.084
1.1768,0.0789,0.0023,1.0853
1.1901,0.0892,0.0024,1.0866
1.1827,0.0791,0.0027,1.0906
1.2005,0.0794,0.0022,1.0842
1.1768,0.0792,0.0023,1.0849
1.1896,0.0902,0.0024,1.0851
1.1831,0.0816,0.0027,1.0885
1.1775,0.0792,0.0024,1.0857
1.1706,0.0778,0.0023,1.0807
1.1669,0.0885,0.0024,1.0642
1.1847,0.0786,0.0027,1.081
1.1555,0.0778,0.0024,1.0654
1.1523,0.0777,0.0023,1.0622
1.1631,0.0836,0.0022,1.065
1.1554,0.0776,0.0022,1.0655
1.1548,0.0774,0.0023,1.065
1.1573,0.0776,0.0022,1.0674
1.1821,0.0882,0.0023,1.0671
1.1657,0.079,0.0026,1.0739
1.1559,0.0775,0.0022,1.066
1.1571,0.0778,0.0023,1.0667
1.3901,0.1896,0.0023,1.0668
1.1691,0.0798,0.0029,1.0744
1.1818,0.0806,0.0023,1.0688
1.1554,0.0776,0.0022,1.0654
1.1673,0.0885,0.0023,1.0648
1.1577,0.0784,0.0026,1.0667
1.1551,0.0775,0.0024,1.0652
1.1541,0.0783,0.0023,1.0633
1.1666,0.0877,0.0023,1.0651
1.4827,0.0779,0.0027,1.0828
1.1678,0.0789,0.0027,1.0708
1.1542,0.0775,0.0023,1.0644
1.1715,0.0877,0.0023,1.069
1.1697,0.0778,0.0028,1.0792
1.1537,0.0773,0.0023,1.0637
1.1583,0.0781,0.0036,1.0663
1.1725,0.0891,0.0024,1.0684
1.1574,0.0775,0.0025,1.0668
1.1555,0.0776,0.0024,1.0654
1.1545,0.0773,0.0024,1.0648
1.1679,0.0878,0.0022,1.0662
1.1685,0.0779,0.0027,1.0777
1.153,0.0774,0.0023,1.0634
1.1639,0.0799,0.0022,1.0697
1.4231,0.0848,0.0025,1.0688
1.2011,0.0965,0.0044,1.0698
1.1552,0.0782,0.0024,1.0636
1.1718,0.0775,0.0022,1.082
1.1551,0.0779,0.0023,1.0652
1.2066,0.09,0.0023,1.0672
1.1791,0.0915,0.0036,1.0664
1.1658,0.0777,0.0028,1.0753
1.1558,0.0777,0.0023,1.0658
1.1555,0.0777,0.0025,1.0654
1.1597,0.0835,0.0023,1.0641
1.1554,0.0777,0.0023,1.0655
1.1562,0.078,0.0022,1.0661
1.1529,0.0776,0.0024,1.0631
1.1674,0.0881,0.0023,1.0657
1.1675,0.0788,0.0027,1.076
1.1674,0.0774,0.0023,1.0776
1.1558,0.0779,0.0023,1.0653
1.1624,0.0852,0.0023,1.065
1.167,0.0796,0.0022,1.0732
1.1586,0.0778,0.0028,1.0676
1.1626,0.0778,0.0023,1.0727
1.1687,0.0885,0.0023,1.0661
1.1621,0.0777,0.0027,1.0714
1.1546,0.0778,0.0023,1.0643
1.1532,0.0773,0.0022,1.0638
1.1699,0.0879,0.0023,1.0675
1.1718,0.0779,0.0027,1.0814
1.1548,0.077,0.0024,1.0654
1.3512,0.0806,0.0023,1.255
1.1942,0.0973,0.0029,1.0696
1.1681,0.0785,0.003,1.0759
1.1555,0.077,0.0023,1.0661
1.1624,0.0784,0.0023,1.0708
1.1711,0.0888,0.0025,1.0674
1.1725,0.0783,0.0028,1.0813
1.1591,0.0782,0.0025,1.0677
1.1567,0.0781,0.0023,1.0665
1.1649,0.086,0.0023,1.0648
1.1614,0.0783,0.0027,1.0705
1.1601,0.078,0.0023,1.0692
1.1579,0.0801,0.0022,1.0652
1.1665,0.0864,0.0024,1.066
1.1703,0.0781,0.0026,1.0794
1.1563,0.0776,0.0023,1.0662
1.1538,0.078,0.0025,1.0635
1.1668,0.0872,0.0023,1.0654
1.1662,0.0792,0.0028,1.0726
1.1596,0.0782,0.0024,1.0683
1.1559,0.0774,0.0023,1.0663
1.1665,0.0887,0.0022,1.0642
1.1683,0.0775,0.0027,1.0782
1.1578,0.0777,0.0023,1.0677
1.1558,0.078,0.0024,1.0653
1.1667,0.0875,0.0023,1.067
1.1539,0.0777,0.0023,1.0636
1.154,0.0777,0.0023,1.0641
1.1555,0.0777,0.0022,1.0652
1.1678,0.088,0.0023,1.0655
1.1645,0.0782,0.0028,1.0727
1.1551,0.078,0.0023,1.0642
1.1557,0.078,0.0022,1.0655
1.1715,0.0859,0.0027,1.0714
1.1558,0.0783,0.0023,1.0648
1.1554,0.0777,0.0023,1.0651
1.1535,0.078,0.0022,1.0631
1.1682,0.0885,0.0024,1.0655
1.1786,0.0779,0.0026,1.0879
1.1609,0.0784,0.0023,1.0685
1.16,0.0784,0.0024,1.0683
1.1611,0.0837,0.0025,1.065
1.156,0.0781,0.0023,1.0656
1.1544,0.0784,0.0023,1.0636
1.1561,0.0778,0.0022,1.0657
1.1677,0.088,0.0023,1.0659
1.1656,0.078,0.0027,1.075
1.1604,0.0794,0.0024,1.0673
1.1554,0.0772,0.0024,1.0661
1.1653,0.0869,0.0023,1.0648
1.1759,0.0775,0.0028,1.0859
1.1629,0.0773,0.0023,1.0731
1.1533,0.0777,0.0024,1.0633
1.1774,0.0893,0.0023,1.0718
1.1677,0.0788,0.0026,1.0739
1.1701,0.0798,0.0028,1.0739
1.1638,0.0785,0.0028,1.0695
1.1721,0.0881,0.0024,1.0683
1.1721,0.0776,0.0028,1.0802
1.1554,0.0777,0.0023,1.0648
1.1535,0.0773,0.0024,1.0635
1.1687,0.0876,0.0023,1.0671
1.1845,0.0785,0.0027,1.0918
1.1573,0.0785,0.0024,1.0663
1.1715,0.0782,0.0022,1.0809
1.1708,0.0888,0.0023,1.068
1.1637,0.0809,0.0036,1.0683
1.165,0.0774,0.0024,1.0751
1.1576,0.0781,0.0023,1.067
1.1714,0.0894,0.0023,1.0681
1.1693,0.0777,0.0027,1.0788
1.1554,0.0774,0.0023,1.0659
1.1573,0.0781,0.0023,1.0669
1.1686,0.0872,0.0023,1.0676
1.1801,0.0772,0.0027,1.0901
1.1618,0.0792,0.0023,1.0702
1.1795,0.0793,0.0023,1.087
1.1929,0.0845,0.0023,1.096
1.1765,0.0788,0.0024,1.0852
1.1744,0.0791,0.0023,1.0831
1.1949,0.0792,0.0023,1.0867
1.2532,0.0949,0.0051,1.1278
1.1956,0.0789,0.0031,1.1026
1.1786,0.079,0.0023,1.0871
1.1771,0.0791,0.0023,1.0854
1.1875,0.0894,0.0023,1.0844
1.1937,0.0792,0.0027,1.1016
1.1762,0.0787,0.0023,1.085
1.1762,0.0791,0.0023,1.0847
1.2177,0.0941,0.0024,1.097
1.2039,0.0793,0.0035,1.1102
1.1783,0.0794,0.0023,1.0861
1.1781,0.0798,0.0023,1.0857
1.3739,0.0907,0.0023,1.0865
1.2055,0.0902,0.0034,1.0959
1.1792,0.0789,0.0023,1.0871
1.1758,0.0791,0.0024,1.0842
1.1756,0.0788,0.0023,1.0842
1.1821,0.0866,0.0023,1.083
1.1754,0.0793,0.0023,1.0834
1.178,0.0799,0.0023,1.0855
1.1771,0.0795,0.0023,1.0852
1.191,0.0897,0.0023,1.0874
1.1787,0.0791,0.0028,1.0868
1.1794,0.0794,0.0024,1.0872
1.1774,0.0793,0.0023,1.0857
1.1892,0.0898,0.0023,1.0857
1.1799,0.0785,0.0028,1.0885
1.1775,0.0794,0.0024,1.0857
1.1769,0.0789,0.0023,1.0854
1.1899,0.0903,0.0024,1.0854
1.1852,0.08,0.0028,1.0923
1.1771,0.0793,0.0023,1.0855
1.1778,0.0789,0.0024,1.0859
1.1906,0.0911,0.0023,1.0856
1.1967,0.0793,0.0027,1.1044
1.1778,0.0797,0.0024,1.0853
1.9715,0.1887,0.0023,1.0836
1.2721,0.0949,0.0047,1.1464
1.2556,0.0802,0.003,1.1618
1.2185,0.0789,0.0026,1.1267
1.2145,0.0786,0.0026,1.1232
1.2222,0.0872,0.0024,1.1222
1.2132,0.0787,0.0025,1.1219
1.2144,0.0797,0.0026,1.1219
1.4751,0.0815,0.0025,1.1221
1.184,0.0908,0.0033,1.07
1.1567,0.0777,0.0023,1.0662
1.1542,0.0779,0.0024,1.0638
1.1556,0.0775,0.0023,1.0657
1.1664,0.0878,0.0023,1.0653
1.1751,0.0778,0.0029,1.0839
1.1671,0.0798,0.0025,1.0725
1.1636,0.0786,0.0026,1.071
1.1702,0.0883,0.0024,1.0676
1.158,0.078,0.0024,1.0663
1.156,0.0773,0.0023,1.0664
1.154,0.0772,0.0023,1.0645
1.1682,0.089,0.0023,1.0654
1.1786,0.0784,0.0026,1.0871
1.1581,0.0782,0.0025,1.0665
1.1577,0.0788,0.0022,1.066
1.1662,0.0866,0.0023,1.0673
1.1591,0.0779,0.0023,1.069
1.1582,0.0783,0.0023,1.0674
1.1909,0.0817,0.0023,1.0929
1.1956,0.0902,0.0026,1.089
1.1832,0.0791,0.0028,1.0911
1.1783,0.0799,0.0023,1.0853
1.1783,0.0797,0.0024,1.0854
1.1876,0.0895,0.0024,1.0838
1.1844,0.0789,0.0028,1.0925
1.188,0.0789,0.0023,1.0968
1.1794,0.0794,0.0024,1.0863
1.1896,0.0899,0.0024,1.085
1.1795,0.0786,0.0027,1.088
1.1776,0.0788,0.0024,1.0858
1.1785,0.0797,0.0024,1.0856
1.1942,0.0905,0.0023,1.0883
1.2013,0.0809,0.0027,1.1007
1.1827,0.0796,0.0029,1.0883
1.1773,0.0789,0.0024,1.0856
1.1892,0.0899,0.0024,1.0852
1.1781,0.0783,0.0028,1.0871
1.1902,0.0925,0.0023,1.0852
1.1768,0.0795,0.0024,1.0849
1.1912,0.09,0.0023,1.0866
1.1804,0.0798,0.0029,1.0874
1.1764,0.0791,0.0023,1.0847
1.1759,0.08,0.0023,1.0828
1.3965,0.0922,0.0024,1.0849
1.1952,0.08,0.0031,1.1014
1.1751,0.0798,0.0023,1.0826
1.1816,0.0804,0.0023,1.0863
1.1909,0.0898,0.0024,1.0865
1.1831,0.0799,0.0027,1.09
1.1759,0.0797,0.0023,1.0839
1.1877,0.0791,0.0023,1.096
1.1867,0.0892,0.0023,1.0833
1.1829,0.0803,0.0029,1.0892
1.1738,0.0793,0.0025,1.0815
1.1757,0.0795,0.0023,1.0837
1.1865,0.0896,0.0023,1.0823
1.1846,0.0792,0.0027,1.0925
1.1734,0.08,0.0024,1.0807
1.1818,0.0803,0.0027,1.0878
1.1899,0.092,0.0023,1.0837
1.1986,0.0796,0.0027,1.1039
1.1775,0.0793,0.0027,1.0851
1.1751,0.0793,0.0023,1.0831
1.185,0.0892,0.0023,1.0818
1.1915,0.0792,0.0028,1.0989
1.1756,0.0812,0.0023,1.0817
1.1756,0.0793,0.0024,1.0837
1.1869,0.0895,0.0023,1.0831
1.1927,0.0789,0.0027,1.1007
1.1742,0.0791,0.0024,1.0826
1.1727,0.0797,0.0024,1.0804
1.1918,0.0891,0.0024,1.0874
1.2164,0.0798,0.0029,1.1049
1.2727,0.0967,0.005,1.144
1.2447,0.0808,0.0034,1.1491
1.248,0.0805,0.0026,1.154
1.2325,0.0808,0.0028,1.1387
1.2459,0.0927,0.0026,1.1388
1.2368,0.0801,0.003,1.1431
1.2343,0.0811,0.0026,1.1402
1.2328,0.0804,0.0027,1.1392
1.2445,0.0909,0.0025,1.1389
1.2357,0.0806,0.0031,1.1415
1.2356,0.0834,0.0025,1.1388
1.2357,0.0807,0.0028,1.1404
1.2458,0.0907,0.0027,1.1401
1.3159,0.081,0.0031,1.1451
1.2557,0.0834,0.0036,1.1531
1.232,0.0803,0.0025,1.1388
1.2435,0.0907,0.0025,1.1384
1.2509,0.0805,0.003,1.1574
1.2352,0.0806,0.0026,1.1417
1.315,0.0799,0.0025,1.1386
1.2668,0.0944,0.0045,1.1478
1.2381,0.0808,0.0031,1.1436
1.2326,0.0807,0.0025,1.1385
1.2357,0.0817,0.0026,1.141
1.2485,0.0919,0.0028,1.1412
1.3477,0.0791,0.0034,1.1038
1.2605,0.0849,0.0038,1.1413
1.3015,0.0812,0.0027,1.1405
1.2559,0.0939,0.0039,1.1402
1.238,0.0803,0.0031,1.1443
1.2325,0.0805,0.0025,1.1393
1.2316,0.08,0.0026,1.1387
1.2574,0.0878,0.0026,1.096
1.1773,0.0805,0.0026,1.0825
1.176,0.0793,0.0025,1.084
1.1724,0.0786,0.0022,1.0814
1.1845,0.087,0.0024,1.085
1.1757,0.0796,0.0023,1.0836
1.2112,0.0803,0.0023,1.0823
1.1773,0.08,0.0024,1.0842
1.1824,0.0883,0.0023,1.0814
1.1769,0.0793,0.0022,1.0845
1.1743,0.0793,0.0024,1.0822
1.1759,0.0802,0.0023,1.0834
1.189,0.0921,0.0023,1.083
1.2075,0.0792,0.0023,1.0837
1.1735,0.0799,0.0025,1.0801
1.1716,0.0786,0.0024,1.0807
1.1846,0.0891,0.0023,1.0815
1.1734,0.079,0.0028,1.0816
1.1808,0.0795,0.0023,1.0872
1.187,0.0801,0.0024,1.094
1.222,0.0895,0.0024,1.0824
1.1762,0.08,0.0025,1.0825
1.1726,0.0794,0.0023,1.0807
1.1772,0.0796,0.0024,1.0838
1.1882,0.0905,0.0026,1.0828
1.1757,0.0795,0.0027,1.0829
1.175,0.0788,0.0024,1.0837
1.2109,0.0798,0.0023,1.0843
1.1884,0.0907,0.0024,1.0826
1.178,0.0797,0.0028,1.0853
1.1746,0.0786,0.0023,1.0836
1.1729,0.0787,0.0024,1.0819
1.194,0.0894,0.0024,1.0905
1.1914,0.0795,0.0027,1.0853
1.1769,0.0795,0.0026,1.0842
1.1728,0.0795,0.0024,1.0804
1.1888,0.0903,0.0024,1.0842
1.1791,0.08,0.0029,1.0851
1.1787,0.0813,0.0025,1.0842
1.1747,0.0794,0.0023,1.0828
1.2182,0.0898,0.0024,1.0811
1.1759,0.079,0.0024,1.0831
1.1742,0.0795,0.0025,1.0814
1.1728,0.0797,0.0023,1.0804
1.1984,0.0914,0.0023,1.091
1.1787,0.0789,0.0027,1.0866
1.1751,0.0793,0.0023,1.083
1.1958,0.0804,0.0025,1.084
1.1878,0.0899,0.0025,1.0834
1.1794,0.08,0.0028,1.0862
1.1742,0.0793,0.0023,1.0825
1.1755,0.0799,0.0023,1.0823
1.1922,0.0908,0.0026,1.0854
1.1713,0.0776,0.0027,1.081
1.1715,0.0782,0.0023,1.0657
1.1527,0.0779,0.0024,1.0622
1.1654,0.0881,0.0023,1.0632
1.1717,0.0784,0.0026,1.0805
1.3799,0.0812,0.0023,1.0712
1.1595,0.0793,0.0029,1.064
1.1858,0.0887,0.0023,1.0629
1.1522,0.0779,0.0023,1.0619
1.1585,0.0782,0.0022,1.0678
1.1535,0.078,0.0023,1.0627
1.1621,0.0882,0.0022,1.0597
1.1688,0.0775,0.0026,1.0783
1.1573,0.0789,0.0024,1.0648
1.169,0.0779,0.0024,1.0665
1.1594,0.0854,0.0023,1.0616
1.1537,0.0775,0.0023,1.0637
1.1542,0.0777,0.0023,1.0642
1.1588,0.0791,0.0023,1.0665
1.1684,0.0881,0.0024,1.0664
1.1591,0.0781,0.0027,1.0683
1.1679,0.0779,0.0023,1.0644
1.1535,0.0779,0.0025,1.0629
1.1662,0.0896,0.0023,1.0626
1.174,0.0786,0.0027,1.0825
1.1502,0.0786,0.0023,1.059
1.1535,0.0783,0.0023,1.0628
1.1705,0.0891,0.0022,1.0661
1.1743,0.078,0.0024,1.0672
1.1515,0.0782,0.0024,1.0606
1.155,0.078,0.0022,1.0647
1.1715,0.0908,0.0023,1.0652
1.1691,0.0788,0.0031,1.0764
1.1546,0.0779,0.0025,1.0642
1.1524,0.0776,0.0023,1.0625
1.1568,0.0837,0.0023,1.0609
1.1528,0.0781,0.0022,1.0621
1.1533,0.0777,0.0023,1.0633
1.151,0.0781,0.0023,1.0606
1.1624,0.088,0.0023,1.0605
1.1654,0.0778,0.0029,1.0737
1.1555,0.0786,0.0022,1.0638
1.1641,0.0796,0.0029,1.0681
1.1647,0.0857,0.0023,1.0657
1.1525,0.0777,0.0023,1.0625
1.155,0.0781,0.0023,1.0634
1.1556,0.0788,0.0025,1.0635
1.1637,0.0856,0.0023,1.064
1.1717,0.0799,0.0027,1.0781
1.1775,0.0778,0.0023,1.0665
1.1525,0.0775,0.0024,1.0626
1.1627,0.0875,0.0022,1.0608
1.1698,0.0777,0.0028,1.0794
1.1538,0.0791,0.0024,1.0622
1.1533,0.0786,0.0022,1.0606
1.1764,0.0883,0.0024,1.0738
1.1642,0.0785,0.0028,1.0704
1.1508,0.078,0.0022,1.0604
1.155,0.0783,0.0024,1.0639
1.1705,0.0892,0.0027,1.0665
1.1818,0.0779,0.003,1.09
1.1527,0.0782,0.0026,1.062
1.154,0.0778,0.0022,1.0637
1.1653,0.0883,0.0022,1.0634
1.1529,0.0786,0.0023,1.062
1.1536,0.0783,0.0022,1.0626
1.1536,0.0785,0.0023,1.0628
1.1641,0.0879,0.0023,1.0624
1.1698,0.078,0.0027,1.0791
1.1593,0.0781,0.0022,1.0687
1.1565,0.0789,0.0023,1.0639
1.1669,0.0882,0.0025,1.0656
1.1512,0.0783,0.0023,1.0607
1.1535,0.0783,0.0023,1.0629
1.1541,0.0777,0.0022,1.0639
1.165,0.0878,0.0022,1.0632
1.1681,0.0779,0.0027,1.0773
1.1534,0.0786,0.0022,1.0622
1.1532,0.0785,0.0024,1.062
1.1605,0.0862,0.0022,1.0616
1.1519,0.0778,0.0023,1.0617
1.152,0.0779,0.0023,1.0616
1.1615,0.0778,0.0025,1.0711
1.1647,0.0889,0.0024,1.0617
1.1629,0.0786,0.0027,1.0705
1.1595,0.0783,0.0026,1.0674
1.1545,0.0778,0.0023,1.0642
1.161,0.0879,0.0022,1.0609
1.1528,0.0779,0.0022,1.0618
1.1544,0.0779,0.0023,1.0644
1.151,0.0775,0.0023,1.0613
1.1667,0.0873,0.0022,1.0636
1.1639,0.0773,0.0028,1.0737
1.1529,0.078,0.0023,1.0624
1.1506,0.0782,0.0023,1.0598
1.1697,0.0855,0.0023,1.0719
1.1537,0.0782,0.0023,1.0627
1.1536,0.0772,0.0024,1.0642
1.1539,0.0779,0.0023,1.0635
1.168,0.0891,0.0023,1.0641
1.1635,0.0784,0.0026,1.0722
1.1552,0.0793,0.0022,1.0634
1.1536,0.0776,0.0023,1.0637
1.1627,0.0873,0.0022,1.0631
1.1562,0.0784,0.0022,1.0647
1.152,0.0778,0.0023,1.0616
1.153,0.0777,0.0023,1.0627
1.1635,0.0885,0.0023,1.0612
1.1715,0.078,0.0027,1.0808
1.152,0.0787,0.0023,1.0608
1.1537,0.0786,0.0023,1.0629
1.1816,0.0848,0.0023,1.0636
1.1736,0.0824,0.0025,1.0737
1.1631,0.0794,0.0028,1.0683
1.1645,0.0793,0.0026,1.0697
1.2994,0.0886,0.0027,1.0699
1.1702,0.0827,0.0037,1.0656
1.1759,0.0796,0.0028,1.0701
1.2282,0.0784,0.0024,1.0665
1.1673,0.0889,0.0024,1.0632
1.1846,0.0799,0.0026,1.0921
1.1567,0.0785,0.0023,1.0656
1.1561,0.0782,0.0022,1.0653
1.1608,0.0854,0.0023,1.0629
1.1769,0.0795,0.0023,1.0691
1.1583,0.0776,0.0024,1.0684
1.1786,0.0793,0.0022,1.0857
1.1923,0.0909,0.0023,1.0855
1.1814,0.0801,0.003,1.0865
1.1738,0.0787,0.0024,1.0828
1.1758,0.0795,0.0024,1.0835
1.2202,0.0904,0.0023,1.0803
1.1771,0.0795,0.0026,1.0841
1.1854,0.0789,0.0023,1.0941
1.174,0.0795,0.0023,1.0816
1.1865,0.0893,0.0024,1.0825
1.1749,0.0793,0.0025,1.083
1.1758,0.0794,0.0024,1.0839
1.2057,0.0792,0.0023,1.0828
1.1911,0.0915,0.0024,1.0854
1.1744,0.0791,0.0024,1.0828
1.1765,0.0801,0.0024,1.0836
1.1758,0.0796,0.0023,1.0838
1.1892,0.0899,0.0023,1.0852
1.179,0.0796,0.0037,1.0853
1.237,0.0797,0.0024,1.1096
1.1774,0.0804,0.0024,1.0835
1.1873,0.0892,0.0024,1.0837
1.1756,0.0795,0.0023,1.0833
1.1743,0.0797,0.0023,1.0823
1.176,0.0792,0.0023,1.0845
1.2193,0.0897,0.0023,1.0835
1.1781,0.0807,0.0024,1.0805
1.1766,0.0795,0.0024,1.0838
1.1764,0.0802,0.0023,1.0835
1.1862,0.0907,0.0023,1.0811
1.1858,0.0793,0.0032,1.0927
1.173,0.0792,0.0024,1.0814
1.2059,0.0792,0.0024,1.0837
1.1852,0.0888,0.0024,1.0833
1.1746,0.0795,0.0024,1.0827
1.1729,0.0795,0.0023,1.0811
1.1756,0.0795,0.0023,1.0837
1.1839,0.0893,0.0024,1.0807
1.1782,0.0792,0.0029,1.0857
1.206,0.0795,0.0023,1.0831
1.1759,0.0796,0.0025,1.0829
1.1881,0.0902,0.0024,1.0837
1.1766,0.0798,0.0027,1.0839
1.1708,0.0796,0.0024,1.0783
1.1755,0.0796,0.0023,1.0832
1.1955,0.0899,0.0023,1.0916
1.1889,0.0797,0.0029,1.0837
1.1755,0.0794,0.0023,1.083
1.1776,0.0798,0.0023,1.0852
1.1878,0.0898,0.0024,1.0829
1.1761,0.0798,0.0024,1.0838
1.1746,0.0797,0.0024,1.0822
1.1844,0.0798,0.0024,1.0809
1.3289,0.0902,0.0024,1.0831
1.2125,0.0976,0.0058,1.0891
1.1752,0.0794,0.0023,1.0832
1.1751,0.0801,0.0023,1.0824
1.4115,0.1773,0.0023,1.0861
1.2112,0.0879,0.0028,1.1077
1.2174,0.0789,0.0024,1.0837
1.1751,0.0791,0.0024,1.083
1.1743,0.0801,0.0024,1.0817
1.1684,0.0857,0.0024,1.0701
1.1537,0.0785,0.0023,1.0629
1.1532,0.0776,0.0022,1.0627
1.152,0.0772,0.0023,1.0625
1.1832,0.0879,0.0023,1.0661
1.1687,0.0787,0.0028,1.077
1.154,0.0783,0.0022,1.0634
1.151,0.078,0.0022,1.0608
1.1743,0.0874,0.0022,1.0742
1.3762,0.1753,0.0023,1.064
1.2121,0.0798,0.0028,1.0813
1.1542,0.0781,0.0023,1.0634
1.1662,0.0886,0.0023,1.0641
1.157,0.0781,0.0026,1.0662
1.1548,0.0783,0.0024,1.064
1.1502,0.0777,0.0023,1.0603
1.1667,0.0888,0.0024,1.064
1.1691,0.0777,0.0026,1.0784
1.1557,0.0782,0.0023,1.0647
1.1554,0.0787,0.0024,1.0641
1.1646,0.0879,0.0024,1.0628
1.1663,0.0776,0.0027,1.0761
1.1522,0.0774,0.0023,1.0623
1.1517,0.0776,0.0023,1.0614
1.4242,0.0884,0.0022,1.0695
1.2404,0.0852,0.0041,1.1291
1.2115,0.0792,0.0025,1.1179
1.2101,0.0786,0.0025,1.1188
1.2207,0.0884,0.0026,1.1182
1.2099,0.0788,0.0024,1.1183
1.2106,0.0796,0.0024,1.1183
1.2169,0.079,0.0025,1.1257
1.2204,0.0888,0.0025,1.1174
1.2261,0.0788,0.003,1.1344
1.2111,0.0803,0.0024,1.1178
1.2102,0.0793,0.0025,1.1179
1.2177,0.0863,0.0025,1.1186
1.4161,0.0789,0.0024,1.1213
1.1891,0.094,0.0038,1.0688
1.154,0.0781,0.0023,1.0632
1.153,0.079,0.0022,1.0617
1.1507,0.0776,0.0023,1.0608
1.1659,0.0878,0.0023,1.0641
1.1679,0.0778,0.0027,1.0775
1.1781,0.078,0.0023,1.068
1.1514,0.078,0.0023,1.0612
1.1737,0.0846,0.0023,1.0766
1.1529,0.0777,0.0023,1.0629
1.1526,0.0774,0.0022,1.0632
1.153,0.0778,0.0023,1.0628
1.1646,0.0883,0.0023,1.0622
1.1821,0.078,0.0026,1.0784
1.1535,0.0779,0.0024,1.0631
1.1524,0.0775,0.0022,1.0626
1.1631,0.0877,0.0022,1.0616
1.1791,0.0784,0.0027,1.0882
1.1527,0.0776,0.0023,1.0627
1.1544,0.0775,0.0023,1.0644
1.1847,0.0886,0.0023,1.0675
1.1592,0.0788,0.0029,1.0673
1.1543,0.0784,0.0024,1.0633
1.1554,0.078,0.0023,1.0649
1.1643,0.0878,0.0024,1.0624
1.1671,0.0781,0.0027,1.076
1.1676,0.0786,0.0023,1.0646
1.153,0.0777,0.0024,1.0626
1.1621,0.0845,0.0023,1.0645
1.156,0.0781,0.0023,1.0652
1.153,0.0777,0.0023,1.0629
1.1524,0.0776,0.0023,1.0625
1.1661,0.0879,0.0023,1.0643
1.1844,0.078,0.0027,1.0805
1.1601,0.078,0.0024,1.0684
1.16,0.0782,0.0025,1.0672
1.1677,0.087,0.0024,1.0668
1.1541,0.0776,0.0025,1.0639
1.1536,0.0778,0.0023,1.0633
1.1542,0.0776,0.0024,1.0642
1.2249,0.0876,0.0023,1.0664
1.1574,0.0786,0.0029,1.0642
1.1584,0.0781,0.0024,1.0666
1.1548,0.0775,0.0024,1.0646
1.1645,0.0881,0.0023,1.0625
1.1738,0.0779,0.0026,1.0829
1.1524,0.0782,0.0023,1.0617
1.2732,0.0784,0.0023,1.0789
1.1673,0.0879,0.0032,1.0627
1.1707,0.0784,0.0028,1.0793
1.1534,0.0779,0.0023,1.0629
1.1538,0.0785,0.0023,1.0628
1.1649,0.089,0.0022,1.062
1.1543,0.0776,0.0028,1.0639
1.2539,0.0777,0.0024,1.0648
1.1563,0.0783,0.003,1.064
1.1672,0.0881,0.0022,1.064
1.1554,0.0782,0.0023,1.0648
1.1511,0.0775,0.0023,1.061
1.1636,0.0779,0.0022,1.0735
1.1677,0.0882,0.0024,1.0652
1.2108,0.0797,0.0026,1.0951
1.1667,0.0798,0.0029,1.0703
1.1619,0.0792,0.0024,1.0677
1.174,0.0887,0.0025,1.069
1.4554,0.0785,0.0028,1.0927
1.1743,0.0827,0.0056,1.0634
1.2291,0.0779,0.0024,1.0666
1.1661,0.0889,0.0025,1.0621
1.1642,0.0776,0.0027,1.0741
1.1517,0.0772,0.0023,1.0626
1.1567,0.0776,0.0022,1.0668
1.165,0.0855,0.0023,1.0676
1.1561,0.0787,0.0023,1.0649
1.1962,0.0814,0.0022,1.0721
1.1585,0.078,0.0024,1.0674
1.1658,0.0878,0.0023,1.0638
1.1677,0.0779,0.0027,1.0771
1.1557,0.0779,0.0023,1.0653
1.1755,0.0811,0.0023,1.082
1.1845,0.0898,0.0024,1.0807
1.1914,0.079,0.0027,1.099
1.1747,0.0796,0.0023,1.0823
1.1748,0.079,0.0023,1.0834
1.1872,0.0919,0.0023,1.0811
1.1947,0.0796,0.0028,1.1021
1.1748,0.0792,0.0023,1.0831
1.1737,0.0792,0.0023,1.082
1.183,0.086,0.0023,1.0847
1.1733,0.0789,0.0023,1.0815
1.1735,0.0787,0.0023,1.0824
1.174,0.0794,0.0023,1.082
1.186,0.0887,0.0023,1.0826
1.1733,0.0795,0.0024,1.0812
1.2103,0.0799,0.0023,1.0849
1.1736,0.0797,0.0024,1.0809
1.1846,0.0899,0.0023,1.0819
1.1834,0.0788,0.0023,1.0925
1.1749,0.0786,0.0023,1.0837
1.1745,0.08,0.0024,1.0821
1.1864,0.0901,0.0024,1.0819
1.1797,0.0796,0.0027,1.0875
1.1758,0.0791,0.0023,1.0842
1.1738,0.0789,0.0023,1.0824
1.1837,0.0893,0.0023,1.0803
1.1813,0.0794,0.0027,1.089
1.1742,0.0806,0.0023,1.0811
1.1739,0.0793,0.0023,1.0817
1.22,0.0902,0.0023,1.0803
1.1848,0.0811,0.003,1.0896
1.1841,0.0796,0.0023,1.0919
1.1753,0.0807,0.0023,1.0816
1.1828,0.0889,0.0024,1.0797
1.1904,0.08,0.0027,1.0971
1.1769,0.0797,0.0024,1.0842
1.1879,0.0797,0.0024,1.0826
1.4508,0.0893,0.0024,1.0844
1.2546,0.0849,0.0058,1.1397
1.2472,0.0924,0.0026,1.1392
1.2448,0.0805,0.003,1.1506
1.2336,0.0805,0.0025,1.1401
1.2325,0.0802,0.0025,1.1395
1.2471,0.0922,0.0025,1.1406
1.2441,0.0812,0.0029,1.1495
1.2325,0.0808,0.0026,1.1386
1.2326,0.081,0.0025,1.1387
1.2473,0.0909,0.0025,1.1419
1.2404,0.0814,0.003,1.1457
1.2142,0.0788,0.0025,1.1226
1.2117,0.0795,0.0026,1.1193
1.2209,0.0893,0.0024,1.1173
1.2231,0.0788,0.0028,1.131
1.209,0.0789,0.0024,1.1175
1.1715,0.078,0.0025,1.0808
1.1757,0.0876,0.0022,1.0743
1.1591,0.078,0.0028,1.0681
1.1514,0.0776,0.0023,1.0615
1.1522,0.078,0.0023,1.0617
1.1623,0.0867,0.0023,1.0632
1.1538,0.0784,0.0023,1.0628
1.156,0.0787,0.0023,1.0653
1.1556,0.0776,0.0023,1.0656
1.1637,0.088,0.0023,1.0619
1.1639,0.0782,0.0026,1.0728
1.1535,0.0778,0.0023,1.0634
1.1538,0.0785,0.0023,1.0629
1.1616,0.086,0.0022,1.0633
1.1594,0.0785,0.0023,1.0686
1.1524,0.0779,0.0023,1.062
1.1527,0.0778,0.0024,1.0625
1.1638,0.0889,0.0023,1.0611
1.1724,0.0786,0.0028,1.0809
1.1534,0.0786,0.0023,1.0626
1.2114,0.118,0.0023,1.0642
1.1641,0.0791,0.0036,1.0699
1.1535,0.078,0.0025,1.0633
1.1535,0.0779,0.0023,1.063
1.166,0.0885,0.0024,1.0635
1.1729,0.079,0.0026,1.0811
1.1525,0.0778,0.0023,1.0626
1.1647,0.0783,0.0022,1.0742
1.1633,0.0891,0.0023,1.0618
1.1537,0.0772,0.0022,1.0642
1.1532,0.0779,0.0024,1.063
1.153,0.0777,0.0022,1.0631
1.1633,0.0883,0.0023,1.0608
1.167,0.0779,0.0026,1.0762
1.1571,0.078,0.0023,1.0659
1.1544,0.0781,0.0024,1.0636
1.1663,0.0887,0.0023,1.0644
1.1567,0.0786,0.0023,1.0655
1.1528,0.078,0.0024,1.0624
1.1541,0.0788,0.0023,1.0628
1.1756,0.0882,0.0022,1.0739
1.1654,0.0787,0.0026,1.0739
1.1537,0.078,0.0023,1.0633
1.152,0.0783,0.0024,1.0611
1.163,0.088,0.0022,1.0612
1.1563,0.078,0.0026,1.0658
1.1529,0.0777,0.0023,1.0628
1.1539,0.0781,0.0023,1.0633
1.1681,0.0888,0.0023,1.065
1.1725,0.0778,0.0027,1.0819
1.1534,0.0783,0.0022,1.0625
1.1523,0.0781,0.0023,1.0619
1.1638,0.0878,0.0023,1.0623
1.1658,0.078,0.0027,1.0753
1.1562,0.0783,0.0024,1.0655
1.1573,0.0789,0.0022,1.0658
1.1625,0.0881,0.0022,1.0605
1.1688,0.0783,0.0027,1.0778
1.1531,0.0784,0.0023,1.0622
1.1526,0.0777,0.0023,1.0625
1.1646,0.0876,0.0022,1.0632
1.1548,0.078,0.0027,1.064
1.1589,0.0788,0.0023,1.0668
1.1616,0.0788,0.0025,1.0679
1.1666,0.0889,0.0023,1.0641
1.1716,0.0777,0.0027,1.0809
1.1551,0.0777,0.0022,1.0652
1.1535,0.0774,0.0022,1.0637
1.1646,0.0866,0.0023,1.0643
1.1543,0.0774,0.0026,1.0644
1.1539,0.0783,0.0023,1.0632
1.1541,0.0782,0.0023,1.0637
1.1646,0.0871,0.0024,1.0635
1.1752,0.0786,0.0026,1.0838
1.1545,0.0778,0.0023,1.0643
1.4624,0.0789,0.0023,1.067
1.3047,0.0934,0.0042,1.1226
1.1792,0.0921,0.0033,1.0675
1.1617,0.0776,0.0027,1.0714
1.1551,0.0784,0.0023,1.0645
1.1504,0.0775,0.0022,1.0607
1.1588,0.084,0.0023,1.0624
1.1539,0.078,0.0022,1.0635
1.1552,0.0799,0.0023,1.0617
1.1864,0.0784,0.0024,1.0632
1.1642,0.0874,0.0023,1.0625
1.1605,0.078,0.0027,1.0694
1.1544,0.0783,0.0023,1.0634
1.1543,0.0785,0.0023,1.0634
1.1625,0.0848,0.0023,1.0653
1.1689,0.0783,0.0023,1.0655
1.1518,0.0781,0.0023,1.0613
1.1557,0.0777,0.0022,1.0655
1.1674,0.0868,0.0023,1.066
1.1676,0.0781,0.0027,1.0764
1.1519,0.0781,0.0023,1.0615
1.1529,0.0772,0.0023,1.0632
1.1679,0.0886,0.0023,1.0648
1.1538,0.0778,0.0022,1.0635
1.1521,0.0775,0.0023,1.0622
1.1503,0.0775,0.0023,1.0604
1.1645,0.0879,0.0022,1.0628
1.1812,0.0789,0.0028,1.0875
1.2937,0.0787,0.0025,1.066
1.2628,0.0949,0.0065,1.1347
1.1848,0.0927,0.0033,1.0656
1.2052,0.0786,0.0027,1.0851
1.1641,0.0792,0.0028,1.0702
1.1559,0.0781,0.0027,1.0648
1.1618,0.086,0.0022,1.0636
1.1551,0.0789,0.0024,1.0636
1.2291,0.0777,0.0023,1.0663
1.1547,0.0785,0.003,1.0616
1.1613,0.0888,0.0023,1.0599
1.1531,0.0785,0.0024,1.0618
1.1551,0.078,0.0022,1.0645
1.1519,0.0778,0.0023,1.0619
1.1766,0.0872,0.0023,1.0754
1.2104,0.0781,0.0027,1.0748
1.1549,0.0778,0.0027,1.0636
1.1558,0.0788,0.0024,1.0646
1.167,0.0882,0.0023,1.0636
1.1729,0.0776,0.0027,1.0827
1.152,0.0774,0.0023,1.0623
1.2315,0.0795,0.0022,1.063
1.1796,0.0897,0.0027,1.0733
1.1711,0.0778,0.0026,1.0802
1.1518,0.0775,0.0024,1.0618
1.154,0.0777,0.0023,1.0641
1.1659,0.0882,0.0023,1.0635
1.1641,0.0779,0.0037,1.0723
1.2883,0.0782,0.0023,1.0631
1.1542,0.0786,0.0025,1.0618
1.1619,0.0864,0.0023,1.063
1.1523,0.0774,0.0023,1.0624
1.1547,0.0777,0.0023,1.064
1.1563,0.078,0.0024,1.0656
1.1663,0.0879,0.0024,1.0644
1.1848,0.0779,0.0027,1.0782
1.1537,0.0782,0.0023,1.0632
1.1528,0.0783,0.0022,1.0622
1.1587,0.0837,0.0025,1.0628
1.1528,0.0773,0.0023,1.0632
1.1628,0.0781,0.0024,1.0711
1.1516,0.0776,0.0023,1.0618
1.1835,0.0884,0.0025,1.0661
1.1614,0.0776,0.0026,1.0711
1.1545,0.078,0.0023,1.0642
1.1548,0.0774,0.0023,1.0649
1.1579,0.0839,0.0022,1.0616
1.1544,0.0779,0.0023,1.0637
1.1572,0.0784,0.0024,1.066
1.1703,0.0783,0.0024,1.0659
1.1672,0.0879,0.0023,1.0652
1.1628,0.0788,0.0027,1.0712
1.1629,0.0772,0.0023,1.0735
1.1574,0.0794,0.0025,1.0646
1.1609,0.0857,0.0026,1.0623
1.1535,0.0781,0.0024,1.063
1.1565,0.0783,0.0022,1.0656
1.1521,0.0783,0.0023,1.0614
1.1647,0.0869,0.0023,1.0638
1.1702,0.078,0.0026,1.079
1.1543,0.0787,0.0023,1.0627
1.1555,0.0787,0.0023,1.0638
1.1668,0.0887,0.0023,1.0635
1.1729,0.0783,0.0023,1.0658
1.1558,0.0795,0.0023,1.0633
1.1588,0.0779,0.0023,1.0687
1.1654,0.0892,0.0024,1.062
1.1659,0.078,0.0026,1.0752
1.155,0.0784,0.0023,1.0644
1.1516,0.0775,0.0023,1.0617
1.177,0.0862,0.0023,1.0654
1.1537,0.0785,0.0023,1.0626
1.1529,0.0775,0.0023,1.063
1.1543,0.0789,0.0023,1.0627
1.1644,0.0883,0.0023,1.0623
1.1661,0.0782,0.0027,1.0749
1.169,0.0809,0.0024,1.0634
1.1539,0.0784,0.0025,1.0627
1.1652,0.0844,0.0023,1.0684
1.155,0.0793,0.0023,1.0634
1.151,0.0778,0.0022,1.061
1.1569,0.0779,0.0023,1.0656
1.1673,0.089,0.0025,1.0638
1.1801,0.0781,0.0027,1.0749
1.1541,0.0788,0.0023,1.0628
1.1519,0.0785,0.0023,1.0611
1.1594,0.0838,0.0023,1.0632
1.1537,0.0781,0.0023,1.063
1.1512,0.0785,0.0022,1.0604
1.1547,0.0784,0.0023,1.0639
1.1675,0.0889,0.0023,1.0642
1.1731,0.0779,0.0027,1.0823
1.1545,0.0782,0.0022,1.0638
1.1528,0.0775,0.0023,1.063
1.1664,0.0878,0.0023,1.0647
1.193,0.08,0.0027,1.0977
1.16,0.078,0.0025,1.0675
1.1787,0.0778,0.0024,1.0672
1.1611,0.0853,0.0026,1.063
1.154,0.0781,0.0022,1.0636
1.1527,0.0785,0.0023,1.0616
1.1541,0.0786,0.0023,1.063
1.1641,0.0878,0.0023,1.0621
1.1685,0.0781,0.0027,1.0774
1.1575,0.0782,0.0024,1.0661
1.1546,0.0777,0.0024,1.0642
1.1632,0.0873,0.0022,1.0636
1.1528,0.0777,0.0026,1.0626
1.1536,0.078,0.0023,1.0632
1.1524,0.0772,0.0023,1.063
1.1646,0.0891,0.0025,1.0614
1.17,0.0779,0.0027,1.0794
1.1538,0.0781,0.0023,1.063
1.1527,0.0777,0.0023,1.0626
1.1658,0.0891,0.0023,1.0628
1.1535,0.0776,0.0027,1.0633
1.1539,0.078,0.0022,1.0632
1.161,0.0781,0.0023,1.0705
1.1838,0.0885,0.0024,1.0633
1.1716,0.0791,0.0027,1.0792
1.1532,0.0783,0.0023,1.0625
1.1521,0.0778,0.0022,1.0622
1.1622,0.0863,0.0023,1.0638
1.154,0.0782,0.0024,1.063
1.1548,0.0778,0.0023,1.0645
1.1512,0.0784,0.0023,1.0603
1.1634,0.0876,0.0022,1.0621
1.1652,0.0781,0.0027,1.0744
1.1541,0.0792,0.0023,1.0623
1.151,0.078,0.0023,1.0607
1.1637,0.0868,0.0023,1.0646
1.1517,0.0785,0.0022,1.0607
1.1518,0.078,0.0022,1.0613
1.1527,0.0782,0.0022,1.0618
1.1649,0.0876,0.0023,1.0634
1.1761,0.0796,0.0027,1.0819
1.1568,0.078,0.0027,1.0651
1.1512,0.0786,0.0023,1.0601
1.1713,0.0896,0.0024,1.0656
1.1611,0.0787,0.0027,1.0687
1.1592,0.0794,0.0023,1.0664
1.1553,0.0791,0.0025,1.0632
1.1679,0.0883,0.0026,1.0646
1.1853,0.0806,0.0029,1.0898
1.1811,0.0801,0.0025,1.0874
1.1975,0.0805,0.0023,1.0831
1.1906,0.0907,0.0026,1.0851
1.1915,0.0797,0.0027,1.0978
1.1786,0.0797,0.0025,1.0851
1.1774,0.0797,0.0026,1.0839
1.1891,0.0903,0.0023,1.0836
1.1911,0.0793,0.0027,1.0988
1.2299,0.0801,0.0023,1.085
1.2673,0.0924,0.0049,1.1437
1.2339,0.0804,0.0026,1.14
1.2473,0.0955,0.0025,1.1386
1.2334,0.0804,0.0025,1.1405
1.2449,0.0916,0.0025,1.1388
1.2556,0.0803,0.003,1.1618
1.2315,0.0809,0.0025,1.138
1.2325,0.0807,0.0025,1.1381
1.2401,0.087,0.0025,1.1405
1.236,0.0803,0.0029,1.142
1.2334,0.0811,0.0026,1.1391
1.2325,0.0809,0.0027,1.1386
1.306,0.0891,0.0025,1.1394
1.2532,0.0817,0.0042,1.1515
1.2471,0.094,0.0027,1.1395
1.2327,0.0809,0.0025,1.1389
1.2451,0.0918,0.0026,1.1391
1.2511,0.0805,0.003,1.1573
1.2327,0.0809,0.0026,1.1388
1.2326,0.0806,0.0025,1.1388
1.2443,0.0912,0.0025,1.1387
1.2605,0.0833,0.0031,1.1602
1.2459,0.0832,0.0032,1.1475
1.2372,0.0815,0.0027,1.1417
1.2403,0.0935,0.003,1.1259
1.2773,0.0816,0.0033,1.0978
1.233,0.1081,0.0045,1.0992
1.1775,0.08,0.0025,1.0837
1.1762,0.0791,0.0023,1.0844
1.1761,0.0804,0.0023,1.0832
1.1831,0.0869,0.0023,1.0835
1.2383,0.0825,0.0023,1.0841
1.2742,0.0926,0.009,1.1506
1.2338,0.0805,0.0028,1.1397
1.2342,0.0804,0.0025,1.1412
1.2352,0.0814,0.0025,1.1407
1.2449,0.0924,0.0025,1.1381
1.2545,0.0814,0.0031,1.1598
1.2962,0.0801,0.0026,1.1402
1.2578,0.0824,0.0038,1.1565
1.2454,0.0925,0.0027,1.1379
1.2394,0.0814,0.0029,1.1445
1.2314,0.0806,0.0025,1.1382
1.2335,0.0822,0.0025,1.1385
1.2981,0.092,0.0026,1.1386
1.2364,0.0813,0.0028,1.1384
1.2332,0.0809,0.0025,1.1391
1.2346,0.0817,0.0026,1.1395
1.2415,0.0868,0.0026,1.1413
1.2346,0.0817,0.0027,1.1399
1.2314,0.0803,0.0025,1.1382
1.3067,0.0817,0.0027,1.1396
1.2529,0.0913,0.0036,1.1405
1.2428,0.0803,0.0029,1.1489
1.2317,0.0804,0.0025,1.1382
1.2337,0.0815,0.0026,1.1385
1.2449,0.0915,0.0025,1.139
1.2444,0.0807,0.0029,1.1504
1.2335,0.0821,0.0025,1.1386
1.4711,0.0818,0.0025,1.139
1.2639,0.0929,0.0041,1.1477
1.2357,0.0803,0.0027,1.1419
1.2329,0.0805,0.0025,1.1396
1.2832,0.0818,0.0025,1.1464
1.2601,0.0875,0.0062,1.1517
1.2356,0.0807,0.0026,1.1406
1.2342,0.0809,0.0026,1.1399
1.2342,0.0823,0.0026,1.139
1.2436,0.0924,0.0026,1.1384
1.2326,0.0805,0.0025,1.1389
1.2745,0.0809,0.0025,1.1395
1.2568,0.0903,0.0032,1.1496
1.2456,0.0903,0.0028,1.1402
1.2504,0.0804,0.0029,1.1567
1.234,0.0807,0.0026,1.1406
1.3085,0.08,0.0025,1.2149
1.2474,0.0916,0.0027,1.1412
1.235,0.0799,0.003,1.1415
1.2316,0.0803,0.0025,1.1385
1.2348,0.08,0.0025,1.1419
1.245,0.0914,0.0025,1.1388
1.2355,0.0804,0.003,1.1415
1.2338,0.0804,0.0025,1.1405
1.2333,0.0815,0.0025,1.1389
1.2895,0.0871,0.0025,1.1889
1.2378,0.0807,0.0026,1.1441
1.2338,0.0811,0.0026,1.1396
1.2025,0.0809,0.0025,1.1084
1.1898,0.0901,0.0023,1.0848
1.1778,0.0789,0.0029,1.086
1.1751,0.0793,0.0023,1.0833
1.1769,0.0794,0.0023,1.0849
1.1897,0.0903,0.0023,1.0841
1.1741,0.0779,0.0028,1.0833
1.1532,0.0782,0.0024,1.0624
1.1539,0.0786,0.0024,1.0629
1.1609,0.0841,0.0023,1.0645
1.6815,0.0796,0.0023,1.2391
1.1825,0.0828,0.0037,1.0774
1.1709,0.0783,0.0026,1.08
1.1671,0.0894,0.0023,1.064
1.1752,0.0789,0.0028,1.082
1.1567,0.0785,0.0023,1.065
1.1531,0.0777,0.0024,1.063
1.1663,0.0878,0.0023,1.0619
1.1534,0.0782,0.0024,1.0626
1.1548,0.0781,0.0023,1.0646
1.1547,0.0777,0.0024,1.0631
1.1658,0.0878,0.0023,1.0642
1.2205,0.1013,0.0027,1.0886
1.1714,0.0789,0.0048,1.0768
1.1608,0.0805,0.0023,1.0675
1.1721,0.0784,0.0023,1.0812
1.1681,0.0896,0.0023,1.0645
1.1758,0.0777,0.0027,1.0839
1.1534,0.0777,0.0023,1.0633
1.1526,0.0774,0.0022,1.0631
1.1649,0.0877,0.0024,1.0632
1.2721,0.079,0.0027,1.0646
1.1534,0.0786,0.0024,1.0626
1.1518,0.0785,0.0023,1.061
1.164,0.0874,0.0023,1.063
1.1588,0.078,0.0027,1.0681
1.1609,0.0785,0.0023,1.0689
1.1558,0.0785,0.0025,1.0643
1.178,0.0891,0.0026,1.0746
1.1764,0.0783,0.0028,1.0853
1.1543,0.0779,0.0024,1.0637
1.1532,0.0781,0.0024,1.0626
1.1659,0.0884,0.0024,1.0635
1.1587,0.0788,0.0038,1.0647
1.154,0.0777,0.0024,1.0634
1.1516,0.0776,0.0023,1.0618
1.1637,0.0864,0.0022,1.0635
1.1708,0.0777,0.0027,1.0807
1.1558,0.0782,0.0023,1.0649
1.1529,0.0775,0.0023,1.063
1.1749,0.0857,0.0023,1.076
1.1546,0.0781,0.0024,1.0643
1.1527,0.079,0.0023,1.0612
1.1533,0.078,0.0022,1.0629
1.1652,0.0879,0.0022,1.0636
1.1669,0.0782,0.0027,1.0758
1.1528,0.0785,0.0026,1.0616
1.1517,0.0782,0.0022,1.0609
1.1643,0.0858,0.0023,1.0655
1.1567,0.0781,0.0023,1.0657
1.154,0.0777,0.0024,1.0636
1.1532,0.079,0.0023,1.0619
1.1673,0.0888,0.0022,1.0648
1.2728,0.0782,0.0027,1.0809
1.2329,0.0799,0.0027,1.0675
1.5351,0.0792,0.0028,1.0647
1.179,0.0912,0.0037,1.0653
1.1622,0.0779,0.0029,1.0711
1.1526,0.0778,0.0023,1.0624
1.1547,0.0783,0.0022,1.064
1.1602,0.0851,0.0023,1.0625
1.1528,0.0786,0.0023,1.0618
1.1528,0.0787,0.0023,1.0614
1.1544,0.0778,0.0024,1.0641
1.1648,0.0884,0.0023,1.0625
1.1681,0.0779,0.0027,1.0773
1.1553,0.0779,0.0023,1.0651
1.1554,0.0782,0.0023,1.0648
1.1661,0.0886,0.0023,1.0639
1.1529,0.0788,0.0023,1.0619
1.1533,0.0787,0.0024,1.0618
1.1539,0.0786,0.0023,1.0629
1.1656,0.0887,0.0023,1.063
1.1669,0.0782,0.0026,1.0758
1.152,0.0779,0.0022,1.0617
1.1535,0.0782,0.0023,1.063
1.1661,0.0902,0.0023,1.0636
1.1533,0.0778,0.0023,1.0628
1.1536,0.0785,0.0023,1.0629
1.1536,0.0776,0.0023,1.0638
1.1668,0.0904,0.0022,1.0623
1.172,0.0791,0.0027,1.0798
1.1528,0.0784,0.0023,1.0619
1.1555,0.0781,0.0023,1.0648
1.1628,0.0878,0.0022,1.0625
1.1504,0.0774,0.0022,1.0607
1.1543,0.0784,0.0023,1.0633
1.1511,0.0783,0.0023,1.0601
1.1592,0.0832,0.0025,1.0632
1.1546,0.0779,0.0023,1.0645
1.1541,0.0784,0.0023,1.0632
1.1561,0.0782,0.0025,1.0654
1.1764,0.0885,0.0023,1.074
1.1647,0.0781,0.0027,1.0739
1.1591,0.0784,0.0023,1.067
1.1603,0.078,0.0025,1.0685
1.178,0.0897,0.0025,1.0724
1.1635,0.0795,0.0027,1.0694
1.1638,0.0793,0.0023,1.0697
1.1655,0.0788,0.0026,1.0717
1.1667,0.088,0.0024,1.0638
1.1628,0.0778,0.0027,1.0718
1.153,0.0781,0.0023,1.0623
1.1516,0.079,0.0023,1.0602
1.1793,0.1006,0.0022,1.0632
1.1953,0.0787,0.0029,1.1028
1.156,0.0774,0.0023,1.0664
1.1553,0.0776,0.0022,1.0651
1.1843,0.0899,0.0023,1.0803
1.1786,0.0797,0.0028,1.0854
1.1718,0.0788,0.0023,1.0806
1.1764,0.0796,0.0023,1.0842
1.1857,0.0902,0.0024,1.0814
1.1806,0.0789,0.0028,1.0885
1.1742,0.079,0.0023,1.0826
1.1764,0.0801,0.0024,1.0836
1.1857,0.0895,0.0023,1.0822
1.1902,0.0785,0.0027,1.0987
1.1751,0.0794,0.0025,1.0828
1.1758,0.0795,0.0023,1.0835
1.1895,0.09,0.0024,1.0852
1.188,0.0799,0.0027,1.0952
80.4508,0.0792,0.0024,1.0858
